FILM_RANK,BRIDGE_GENRE_ID,BRIDGE_ACTOR_ID,DIRECTOR_ID,YEAR_ID,RUNTIME,REVENUE,USER_VOTES,USER_SCORE,CRITIC_SCORE,RUNTIME_CATEGORY,REVENUE_CATEGORY,USER_VOTES_CATEGORY,USER_SCORE_CATEGORY,CRITIC_SCORE_CATEGORY
1,0,0,208,8,121,333.13,757074,81,76,HIGH,MEDIUM,MEDIUM,MOSTLY_POSITIVE,POSITIVE
2,3,4,417,6,124,126.46,485820,70,65,HIGH,LOW,LOW,POSITIVE,POSITIVE
3,6,8,317,10,117,138.12,157606,73,62,HIGH,LOW,LOW,POSITIVE,MIXED
4,8,12,85,10,108,270.32,60545,72,59,HIGH,LOW,LOW,POSITIVE,MIXED
5,11,16,109,10,123,325.02,393727,62,40,HIGH,MEDIUM,LOW,MIXED,NEGATIVE
6,14,20,520,10,103,45.13,56036,61,42,HIGH,LOW,LOW,MIXED,NEGATIVE
7,17,24,97,10,128,151.06,258682,83,93,HIGH,LOW,LOW,MOSTLY_POSITIVE,MOSTLY_POSITIVE
9,20,28,207,10,141,8.01,7188,71,78,HIGH,LOW,LOW,POSITIVE,POSITIVE
10,23,32,360,10,116,100.01,192177,70,41,HIGH,LOW,LOW,POSITIVE,NEGATIVE
11,26,36,126,10,133,234.02,232072,75,66,HIGH,LOW,LOW,POSITIVE,POSITIVE
12,29,40,489,10,127,169.27,93103,78,74,HIGH,LOW,LOW,POSITIVE,POSITIVE
13,32,44,164,10,133,532.17,323118,79,65,HIGH,MEDIUM,LOW,POSITIVE,POSITIVE
14,35,48,431,10,107,248.75,118151,77,81,HIGH,LOW,LOW,POSITIVE,MOSTLY_POSITIVE
15,38,52,362,10,109,2.87,8612,64,70,HIGH,LOW,LOW,MIXED,POSITIVE
16,41,56,80,10,87,368.31,120259,66,61,HIGH,MEDIUM,LOW,POSITIVE,MIXED
17,44,60,339,10,139,67.12,211760,82,71,HIGH,LOW,LOW,MOSTLY_POSITIVE,POSITIVE
18,47,64,388,10,123,162.16,150823,67,58,HIGH,LOW,LOW,POSITIVE,MIXED
19,49,68,166,10,118,51.69,102061,81,69,HIGH,LOW,LOW,MOSTLY_POSITIVE,POSITIVE
20,51,72,128,10,116,100.5,340798,80,81,HIGH,LOW,LOW,MOSTLY_POSITIVE,MOSTLY_POSITIVE
21,54,76,470,10,120,7.22,19053,67,49,HIGH,LOW,LOW,POSITIVE,NEGATIVE
22,57,80,291,10,137,47.7,134213,79,96,HIGH,LOW,LOW,POSITIVE,OVERWHELMING_POSITIVE
24,58,84,510,10,92,153.69,38552,65,56,HIGH,LOW,LOW,POSITIVE,MIXED
25,61,88,429,10,120,103.14,127553,53,32,HIGH,LOW,LOW,MIXED,NEGATIVE
29,64,92,258,10,100,113.08,66540,62,60,HIGH,LOW,LOW,MIXED,MIXED
30,65,96,283,10,115,54.65,112813,59,36,HIGH,LOW,LOW,MIXED,NEGATIVE
31,68,100,245,10,111,60.31,48123,63,39,HIGH,LOW,LOW,MIXED,NEGATIVE
32,69,104,498,10,116,10.64,126030,75,67,HIGH,LOW,LOW,POSITIVE,POSITIVE
33,71,108,68,10,144,155.33,275510,71,52,HIGH,LOW,LOW,POSITIVE,MIXED
34,74,112,494,10,108,363.02,627797,80,65,HIGH,MEDIUM,MEDIUM,MOSTLY_POSITIVE,POSITIVE
35,77,116,391,10,107,26.84,46165,56,49,HIGH,LOW,LOW,MIXED,NEGATIVE
36,80,120,35,10,147,408.08,411656,79,75,HIGH,MEDIUM,LOW,POSITIVE,POSITIVE
37,83,124,88,8,169,187.99,1047747,86,74,HIGH,LOW,MEDIUM,MOSTLY_POSITIVE,POSITIVE
38,86,128,445,10,115,232.6,293732,76,72,HIGH,LOW,LOW,POSITIVE,POSITIVE
39,89,132,36,10,132,93.38,122853,69,54,HIGH,LOW,LOW,POSITIVE,MIXED
41,92,136,183,10,89,97.66,120690,63,66,HIGH,LOW,LOW,MIXED,POSITIVE
42,95,140,45,10,111,27.85,135095,75,99,HIGH,LOW,LOW,POSITIVE,OVERWHELMING_POSITIVE
44,96,144,249,10,115,12.79,37033,72,66,HIGH,LOW,LOW,POSITIVE,POSITIVE
45,99,148,411,10,99,4.21,279,63,57,HIGH,LOW,LOW,MIXED,MIXED
46,100,152,420,5,136,241.06,395025,67,45,HIGH,LOW,LOW,POSITIVE,NEGATIVE
47,103,156,251,10,132,3.44,17818,73,64,HIGH,LOW,LOW,POSITIVE,MIXED
49,105,160,284,10,122,158.8,164567,71,68,HIGH,LOW,LOW,POSITIVE,POSITIVE
51,108,164,200,9,136,936.63,661608,81,81,HIGH,HIGH,MEDIUM,MOSTLY_POSITIVE,MOSTLY_POSITIVE
52,111,168,32,10,91,30.35,41362,58,23,HIGH,LOW,LOW,MIXED,MOSTLY_NEGATIVE
53,114,172,165,10,118,32.46,20221,56,18,HIGH,LOW,LOW,MIXED,MOSTLY_NEGATIVE
54,116,176,75,8,101,43.0,321933,72,68,HIGH,LOW,LOW,POSITIVE,POSITIVE
55,119,180,88,2,152,533.32,1791916,90,82,HIGH,MEDIUM,HIGH,MOSTLY_POSITIVE,MOSTLY_POSITIVE
56,122,184,332,10,161,7.08,49190,73,79,HIGH,LOW,LOW,POSITIVE,POSITIVE
57,125,188,153,10,88,89.21,121103,72,71,HIGH,LOW,LOW,POSITIVE,POSITIVE
58,128,192,488,10,106,56.23,113322,74,51,HIGH,LOW,LOW,POSITIVE,MIXED
59,130,196,310,10,117,3.18,3739,70,76,HIGH,LOW,LOW,POSITIVE,POSITIVE
60,133,200,90,10,96,125.07,137608,75,74,HIGH,LOW,LOW,POSITIVE,POSITIVE
61,135,204,522,10,151,330.25,472307,67,44,HIGH,MEDIUM,LOW,POSITIVE,NEGATIVE
63,138,208,483,10,112,75.31,102177,65,48,HIGH,LOW,LOW,POSITIVE,NEGATIVE
64,141,212,442,9,125,166.15,244474,41,46,HIGH,LOW,LOW,NEGATIVE,NEGATIVE
65,144,216,88,0,130,53.08,913152,85,66,HIGH,LOW,MEDIUM,MOSTLY_POSITIVE,POSITIVE
66,147,220,336,8,129,128.25,440209,77,58,HIGH,LOW,LOW,POSITIVE,MIXED
67,150,224,396,10,133,31.86,39784,74,69,HIGH,LOW,LOW,POSITIVE,POSITIVE
68,153,228,174,9,120,153.63,632842,81,90,HIGH,LOW,MEDIUM,MOSTLY_POSITIVE,MOSTLY_POSITIVE
69,156,232,427,10,106,0.01,291,75,61,HIGH,LOW,LOW,POSITIVE,MIXED
70,157,236,396,10,107,61.28,89849,72,68,HIGH,LOW,LOW,POSITIVE,POSITIVE
72,160,240,426,10,124,40.07,78079,71,60,HIGH,LOW,LOW,POSITIVE,MIXED
73,163,244,198,10,108,3.73,39134,75,76,HIGH,LOW,LOW,POSITIVE,POSITIVE
74,165,248,115,10,97,30.98,43977,68,23,HIGH,LOW,LOW,POSITIVE,MOSTLY_NEGATIVE
75,167,252,70,10,108,341.26,296853,81,78,HIGH,MEDIUM,LOW,MOSTLY_POSITIVE,POSITIVE
76,170,256,179,1,169,309.4,498821,71,50,HIGH,LOW,LOW,POSITIVE,MIXED
77,173,260,274,6,143,623.28,1045588,81,69,HIGH,MEDIUM,MEDIUM,MOSTLY_POSITIVE,POSITIVE
78,175,264,406,3,153,120.52,959065,83,69,HIGH,LOW,MEDIUM,MOSTLY_POSITIVE,POSITIVE
79,178,268,179,0,151,423.03,552027,73,53,HIGH,MEDIUM,LOW,POSITIVE,MIXED
80,181,272,387,10,116,128.34,147717,53,60,HIGH,LOW,LOW,MIXED,MIXED
81,184,276,88,4,148,292.57,1583625,88,74,HIGH,LOW,HIGH,MOSTLY_POSITIVE,POSITIVE
82,187,280,334,10,118,5.88,105081,79,72,HIGH,LOW,LOW,POSITIVE,POSITIVE
83,189,284,332,7,180,116.87,865134,82,75,HIGH,LOW,MEDIUM,MOSTLY_POSITIVE,POSITIVE
84,192,288,114,8,149,167.74,636243,81,79,HIGH,LOW,MEDIUM,MOSTLY_POSITIVE,POSITIVE
85,195,292,213,9,137,350.03,301249,72,67,HIGH,MEDIUM,LOW,POSITIVE,POSITIVE
86,198,296,92,9,124,652.18,455169,70,59,HIGH,HIGH,LOW,POSITIVE,MIXED
87,201,300,48,10,129,10.38,27869,64,49,HIGH,LOW,LOW,MIXED,NEGATIVE
88,203,304,205,3,162,760.51,935408,78,83,HIGH,HIGH,MEDIUM,POSITIVE,MOSTLY_POSITIVE
89,206,308,406,9,187,54.12,341170,78,68,HIGH,LOW,LOW,POSITIVE,POSITIVE
90,209,312,172,10,128,86.2,162122,74,51,HIGH,LOW,LOW,POSITIVE,MIXED
91,212,316,128,7,153,60.96,431185,81,74,HIGH,LOW,LOW,MOSTLY_POSITIVE,POSITIVE
92,215,320,139,10,123,47.17,187547,70,32,HIGH,LOW,LOW,POSITIVE,NEGATIVE
93,218,324,483,5,146,169.71,342429,81,62,HIGH,LOW,LOW,MOSTLY_POSITIVE,MIXED
94,219,328,497,10,114,43.02,106463,71,57,HIGH,LOW,LOW,POSITIVE,MIXED
95,222,332,274,9,141,458.99,516895,74,66,HIGH,MEDIUM,LOW,POSITIVE,POSITIVE
96,225,336,457,10,116,36.25,175067,74,70,HIGH,LOW,LOW,POSITIVE,POSITIVE
97,228,340,318,10,106,4.68,34110,86,79,HIGH,LOW,LOW,MOSTLY_POSITIVE,POSITIVE
98,231,344,229,10,90,0.15,9247,58,62,HIGH,LOW,LOW,MIXED,MIXED
99,234,348,376,10,105,1.29,10181,63,77,HIGH,LOW,LOW,MIXED,POSITIVE
100,237,352,332,0,151,132.37,937414,85,85,HIGH,LOW,MEDIUM,MOSTLY_POSITIVE,MOSTLY_POSITIVE
101,240,356,64,9,132,1.87,108836,70,55,HIGH,LOW,LOW,POSITIVE,MIXED
102,243,360,290,5,115,181.02,570814,70,57,HIGH,LOW,LOW,POSITIVE,MIXED
103,246,364,417,9,144,228.43,556097,80,80,HIGH,LOW,LOW,MOSTLY_POSITIVE,MOSTLY_POSITIVE
105,249,368,187,9,116,45.43,202973,73,56,HIGH,LOW,LOW,POSITIVE,MIXED
106,252,372,118,10,102,26.86,115546,77,88,HIGH,LOW,LOW,POSITIVE,MOSTLY_POSITIVE
107,255,376,484,10,120,1.66,1954,54,40,HIGH,LOW,LOW,MIXED,NEGATIVE
108,256,380,126,10,110,126.59,117590,63,44,HIGH,LOW,LOW,MIXED,NEGATIVE
110,259,384,11,8,108,25.44,339797,77,78,HIGH,LOW,LOW,POSITIVE,POSITIVE
111,262,388,181,10,89,10.16,3712,63,44,HIGH,LOW,LOW,MIXED,NEGATIVE
112,265,392,472,7,134,56.67,486338,81,96,HIGH,LOW,LOW,MOSTLY_POSITIVE,OVERWHELMING_POSITIVE
114,268,396,522,0,117,210.59,637104,77,52,HIGH,LOW,MEDIUM,POSITIVE,MIXED
115,271,400,126,5,130,380.96,590595,81,87,HIGH,MEDIUM,LOW,MOSTLY_POSITIVE,MOSTLY_POSITIVE
116,274,404,272,10,105,54.73,30761,58,42,HIGH,LOW,LOW,MIXED,NEGATIVE
117,275,408,370,10,118,1.33,50359,62,51,HIGH,LOW,LOW,MIXED,MIXED
119,277,412,104,10,104,71.9,192968,72,76,HIGH,LOW,LOW,POSITIVE,POSITIVE
120,280,416,23,10,97,486.29,157026,74,77,HIGH,MEDIUM,LOW,POSITIVE,POSITIVE
121,283,420,492,10,127,87.24,101058,67,57,HIGH,LOW,LOW,POSITIVE,MIXED
122,286,424,365,8,139,150.83,362093,67,48,HIGH,LOW,LOW,POSITIVE,NEGATIVE
123,289,428,203,10,98,46.01,53183,60,51,HIGH,LOW,LOW,MIXED,MIXED
125,292,432,88,6,164,448.13,1222645,85,78,HIGH,MEDIUM,HIGH,MOSTLY_POSITIVE,POSITIVE
126,294,436,255,10,106,364.0,198243,75,77,HIGH,MEDIUM,LOW,POSITIVE,POSITIVE
127,297,440,341,8,165,245.43,255483,57,32,HIGH,LOW,LOW,MIXED,NEGATIVE
128,300,444,191,10,96,38.56,69651,66,58,HIGH,LOW,LOW,POSITIVE,MIXED
129,303,448,403,2,108,143.7,153481,64,51,HIGH,LOW,LOW,MIXED,MIXED
130,306,452,9,9,156,183.64,499424,80,76,HIGH,LOW,LOW,MOSTLY_POSITIVE,POSITIVE
131,309,456,131,10,139,57.64,50953,73,79,HIGH,LOW,LOW,POSITIVE,POSITIVE
132,310,460,420,8,125,128.0,109756,60,69,HIGH,LOW,LOW,MIXED,POSITIVE
133,313,464,221,10,86,55.12,78328,64,59,HIGH,LOW,LOW,MIXED,MIXED
134,316,468,97,8,107,13.09,477276,85,88,HIGH,LOW,LOW,MOSTLY_POSITIVE,MOSTLY_POSITIVE
135,318,472,284,7,130,238.67,318051,71,61,HIGH,LOW,LOW,POSITIVE,MIXED
136,321,476,132,6,140,21.38,200090,73,68,HIGH,LOW,LOW,POSITIVE,POSITIVE
137,324,480,150,1,122,74.27,660286,81,91,HIGH,LOW,MEDIUM,MOSTLY_POSITIVE,MOSTLY_POSITIVE
138,327,484,47,7,143,144.81,386102,73,55,HIGH,LOW,LOW,POSITIVE,MIXED
139,329,488,332,4,138,127.97,855604,81,63,HIGH,LOW,MEDIUM,MOSTLY_POSITIVE,MIXED
141,331,492,200,3,127,257.7,526324,80,82,HIGH,LOW,LOW,MOSTLY_POSITIVE,MOSTLY_POSITIVE
142,334,496,491,4,94,64.0,34184,62,56,HIGH,LOW,LOW,MIXED,MIXED
143,336,500,2,9,130,70.24,246360,78,81,HIGH,LOW,LOW,POSITIVE,MOSTLY_POSITIVE
144,339,504,307,9,118,14.68,224132,82,86,HIGH,LOW,LOW,MOSTLY_POSITIVE,MOSTLY_POSITIVE
145,340,508,406,6,165,162.8,1039115,84,81,HIGH,LOW,MEDIUM,MOSTLY_POSITIVE,MOSTLY_POSITIVE
146,342,512,76,10,144,2.01,33418,81,84,HIGH,LOW,LOW,MOSTLY_POSITIVE,MOSTLY_POSITIVE
147,345,516,289,10,104,14.26,47694,74,77,HIGH,LOW,LOW,POSITIVE,POSITIVE
148,347,520,522,3,162,107.5,410249,76,56,HIGH,LOW,LOW,POSITIVE,MIXED
149,350,524,182,1,113,121.46,442082,76,76,HIGH,LOW,LOW,POSITIVE,POSITIVE
150,351,528,432,10,121,34.26,97623,62,42,HIGH,LOW,LOW,MIXED,NEGATIVE
151,354,532,478,10,117,55.47,50853,64,66,HIGH,LOW,LOW,MIXED,POSITIVE
152,357,536,167,6,142,408.0,735604,72,68,HIGH,MEDIUM,MEDIUM,POSITIVE,POSITIVE
153,360,540,145,10,88,0.2,4299,58,65,HIGH,LOW,LOW,MIXED,POSITIVE
154,361,544,128,9,121,46.88,243230,76,82,HIGH,LOW,LOW,POSITIVE,MOSTLY_POSITIVE
156,364,548,91,1,94,41.8,97618,47,29,HIGH,LOW,LOW,NEGATIVE,MOSTLY_NEGATIVE
157,367,552,185,7,131,101.79,400519,70,64,HIGH,LOW,LOW,POSITIVE,MIXED
158,370,556,178,5,118,84.24,396714,74,68,HIGH,LOW,LOW,POSITIVE,POSITIVE
159,373,560,140,4,112,31.49,291457,75,69,HIGH,LOW,LOW,POSITIVE,POSITIVE
160,376,564,140,1,121,23.62,373244,79,81,HIGH,LOW,LOW,POSITIVE,MOSTLY_POSITIVE
162,379,568,51,10,90,1.8,6946,70,63,HIGH,LOW,LOW,POSITIVE,MIXED
163,382,572,68,8,132,233.91,552298,80,74,HIGH,LOW,LOW,MOSTLY_POSITIVE,POSITIVE
164,385,576,141,10,118,58.4,78043,61,47,HIGH,LOW,LOW,MIXED,NEGATIVE
165,388,580,330,0,144,167.01,495106,80,80,HIGH,LOW,LOW,MOSTLY_POSITIVE,MOSTLY_POSITIVE
166,391,584,73,2,122,191.45,361449,52,56,HIGH,LOW,LOW,MIXED,MIXED
167,394,588,259,10,129,65.03,156567,65,46,HIGH,LOW,LOW,POSITIVE,NEGATIVE
168,397,592,460,9,109,33.31,39723,73,51,HIGH,LOW,LOW,POSITIVE,MIXED
169,400,596,341,10,144,52.82,76935,73,48,HIGH,LOW,LOW,POSITIVE,NEGATIVE
170,403,600,440,9,148,200.07,308981,68,60,HIGH,LOW,LOW,POSITIVE,MIXED
171,406,604,100,8,118,32.28,332476,79,76,HIGH,LOW,LOW,POSITIVE,POSITIVE
172,409,608,508,10,101,48.02,72778,79,84,HIGH,LOW,LOW,POSITIVE,MOSTLY_POSITIVE
174,412,612,466,7,126,25.56,390531,80,90,HIGH,LOW,LOW,MOSTLY_POSITIVE,MOSTLY_POSITIVE
175,415,616,77,7,102,400.74,451894,75,74,HIGH,MEDIUM,LOW,POSITIVE,POSITIVE
176,418,620,59,9,130,93.42,143069,65,60,HIGH,LOW,LOW,POSITIVE,MIXED
177,421,624,333,8,130,208.54,337777,76,79,HIGH,LOW,LOW,POSITIVE,POSITIVE
178,424,628,50,2,107,110.42,321442,70,71,HIGH,LOW,LOW,POSITIVE,POSITIVE
179,426,632,213,10,134,102.46,137203,74,65,HIGH,LOW,LOW,POSITIVE,POSITIVE
180,429,636,399,9,117,180.19,368912,73,64,HIGH,LOW,LOW,POSITIVE,MIXED
181,432,640,458,10,118,24.09,43086,67,59,HIGH,LOW,LOW,POSITIVE,MIXED
182,434,644,422,9,92,25.14,101781,68,83,HIGH,LOW,LOW,POSITIVE,MOSTLY_POSITIVE
183,436,648,290,9,105,201.15,117018,70,67,HIGH,LOW,LOW,POSITIVE,POSITIVE
185,439,652,41,10,124,3.4,22389,80,85,HIGH,LOW,LOW,MOSTLY_POSITIVE,MOSTLY_POSITIVE
187,441,656,29,10,113,1.72,11944,63,53,HIGH,LOW,LOW,MIXED,MIXED
188,443,660,185,9,119,31.06,97454,66,66,HIGH,LOW,LOW,POSITIVE,POSITIVE
189,446,664,370,5,100,35.05,461509,78,78,HIGH,LOW,LOW,POSITIVE,POSITIVE
190,448,668,278,9,125,110.01,106364,63,75,HIGH,LOW,LOW,MIXED,POSITIVE
191,451,672,132,10,133,12.53,27382,72,60,HIGH,LOW,LOW,POSITIVE,MIXED
193,453,676,501,9,128,44.99,268282,81,93,HIGH,LOW,LOW,MOSTLY_POSITIVE,MOSTLY_POSITIVE
194,456,680,315,10,92,3.91,22107,58,48,HIGH,LOW,LOW,MIXED,NEGATIVE
195,459,684,172,5,140,13.65,355722,82,71,HIGH,LOW,LOW,MOSTLY_POSITIVE,POSITIVE
196,462,688,237,5,124,176.64,547368,69,66,HIGH,LOW,LOW,POSITIVE,POSITIVE
198,465,692,452,1,148,18.35,459304,81,73,HIGH,LOW,LOW,MOSTLY_POSITIVE,POSITIVE
199,468,696,360,8,114,91.12,532353,81,73,HIGH,LOW,LOW,MOSTLY_POSITIVE,POSITIVE
200,471,700,409,10,107,127.38,97082,63,52,HIGH,LOW,LOW,MIXED,MIXED
201,474,704,136,8,113,100.19,471815,79,71,HIGH,LOW,LOW,POSITIVE,POSITIVE
202,477,708,179,10,146,8.1,12193,65,47,HIGH,LOW,LOW,POSITIVE,NEGATIVE
203,480,712,375,10,134,21.48,79855,73,58,HIGH,LOW,LOW,POSITIVE,MIXED
204,483,716,255,2,126,318.3,737719,79,79,HIGH,MEDIUM,MEDIUM,POSITIVE,POSITIVE
205,486,720,424,10,120,66.0,70504,57,33,HIGH,LOW,LOW,MIXED,NEGATIVE
206,489,724,336,5,132,146.41,550011,78,65,HIGH,LOW,LOW,POSITIVE,POSITIVE
207,492,728,279,10,99,0.51,5435,75,81,HIGH,LOW,LOW,POSITIVE,MOSTLY_POSITIVE
208,494,732,232,10,118,2.14,26089,75,90,HIGH,LOW,LOW,POSITIVE,MOSTLY_POSITIVE
209,497,736,387,5,125,169.08,227912,68,75,HIGH,LOW,LOW,POSITIVE,POSITIVE
211,499,740,61,9,114,155.18,161396,61,43,HIGH,LOW,LOW,MIXED,NEGATIVE
212,502,744,190,6,94,14.12,114290,53,63,HIGH,LOW,LOW,MIXED,MIXED
213,503,748,341,1,144,318.76,531112,71,61,HIGH,MEDIUM,LOW,POSITIVE,MIXED
215,506,752,6,7,112,206.36,443584,70,54,HIGH,LOW,LOW,POSITIVE,MIXED
216,509,756,12,10,126,31.14,73568,55,25,HIGH,LOW,LOW,MIXED,MOSTLY_NEGATIVE
217,512,760,35,8,136,259.75,542362,78,70,HIGH,LOW,LOW,POSITIVE,POSITIVE
218,515,764,81,10,104,33.04,7044,57,41,HIGH,LOW,LOW,MIXED,NEGATIVE
220,518,768,336,4,117,48.04,456749,77,66,HIGH,LOW,LOW,POSITIVE,POSITIVE
221,520,772,195,9,96,9.24,61098,67,51,HIGH,LOW,LOW,POSITIVE,MIXED
222,523,776,248,0,117,244.05,283445,71,73,HIGH,LOW,LOW,POSITIVE,POSITIVE
223,526,780,121,8,100,14.67,136399,69,83,HIGH,LOW,LOW,POSITIVE,MOSTLY_POSITIVE
224,528,784,114,5,158,102.52,348551,78,71,HIGH,LOW,LOW,POSITIVE,POSITIVE
225,531,788,409,7,110,150.37,334867,70,44,HIGH,LOW,LOW,POSITIVE,NEGATIVE
226,533,792,19,10,163,0.66,19660,70,79,HIGH,LOW,LOW,POSITIVE,POSITIVE
227,534,796,521,9,119,8.7,121313,71,82,HIGH,LOW,LOW,POSITIVE,MOSTLY_POSITIVE
228,537,800,373,4,107,52.0,179450,64,51,HIGH,LOW,LOW,MIXED,MIXED
229,540,804,425,8,97,241.41,268877,70,56,HIGH,LOW,LOW,POSITIVE,MIXED
231,543,808,185,0,118,37.62,498879,82,98,HIGH,LOW,LOW,MOSTLY_POSITIVE,OVERWHELMING_POSITIVE
232,546,812,27,10,95,0.0,3305,52,50,HIGH,LOW,LOW,MIXED,MIXED
233,549,816,339,0,139,50.86,247926,78,68,HIGH,LOW,LOW,POSITIVE,POSITIVE
234,552,820,87,9,131,195.0,257472,74,75,HIGH,LOW,LOW,POSITIVE,POSITIVE
235,555,824,74,10,114,47.95,66766,61,35,HIGH,LOW,LOW,MIXED,NEGATIVE
236,558,828,468,6,102,17.74,377336,80,67,HIGH,LOW,LOW,MOSTLY_POSITIVE,POSITIVE
237,560,832,380,10,100,13.96,41446,68,81,HIGH,LOW,LOW,POSITIVE,MOSTLY_POSITIVE
238,563,836,96,10,85,2.41,4895,39,31,HIGH,LOW,LOW,NEGATIVE,NEGATIVE
239,566,840,512,8,99,59.07,530881,81,88,HIGH,LOW,LOW,MOSTLY_POSITIVE,MOSTLY_POSITIVE
240,569,844,22,7,125,26.62,96852,59,35,HIGH,LOW,LOW,MIXED,NEGATIVE
241,572,848,109,8,134,85.71,332234,76,64,HIGH,LOW,LOW,POSITIVE,MIXED
242,575,852,393,9,95,356.45,416689,82,94,HIGH,MEDIUM,LOW,MOSTLY_POSITIVE,MOSTLY_POSITIVE
243,578,856,42,10,90,9.4,1109,58,48,HIGH,LOW,LOW,MIXED,NEGATIVE
244,581,860,6,9,126,89.73,205365,65,38,HIGH,LOW,LOW,POSITIVE,NEGATIVE
245,584,864,78,4,118,88.76,148949,59,47,HIGH,LOW,LOW,MIXED,NEGATIVE
246,587,868,500,6,158,148.78,257426,76,63,HIGH,LOW,LOW,POSITIVE,MIXED
247,590,872,15,0,109,35.29,382910,79,84,HIGH,LOW,LOW,POSITIVE,MOSTLY_POSITIVE
248,593,876,356,10,119,5.66,14708,74,83,HIGH,LOW,LOW,POSITIVE,MOSTLY_POSITIVE
249,595,880,387,9,119,110.82,188017,71,75,HIGH,LOW,LOW,POSITIVE,POSITIVE
250,598,884,378,5,112,13.18,557965,86,57,HIGH,LOW,LOW,MOSTLY_POSITIVE,MIXED
251,601,888,142,10,92,0.32,178,49,50,HIGH,LOW,LOW,NEGATIVE,MIXED
252,604,892,521,3,94,0.11,50946,73,73,HIGH,LOW,LOW,POSITIVE,POSITIVE
253,606,896,152,9,147,161.03,139831,79,72,HIGH,LOW,LOW,POSITIVE,POSITIVE
254,609,900,321,8,142,202.85,342183,67,53,HIGH,LOW,LOW,POSITIVE,MIXED
255,612,904,213,7,112,137.39,330305,75,68,HIGH,LOW,LOW,POSITIVE,POSITIVE
256,615,908,497,3,100,277.31,611563,78,73,HIGH,LOW,MEDIUM,POSITIVE,POSITIVE
257,616,912,396,6,131,65.17,210349,58,41,HIGH,LOW,LOW,MIXED,NEGATIVE
258,619,916,436,5,105,176.74,422290,76,68,HIGH,LOW,LOW,POSITIVE,POSITIVE
259,622,920,113,10,81,67.24,69823,64,58,HIGH,LOW,LOW,MIXED,MIXED
260,623,924,268,10,118,2.27,664,71,76,HIGH,LOW,LOW,POSITIVE,POSITIVE
261,625,928,9,8,119,42.34,440299,78,88,HIGH,LOW,LOW,POSITIVE,MOSTLY_POSITIVE
262,628,932,107,4,108,106.95,581518,80,79,HIGH,LOW,LOW,MOSTLY_POSITIVE,POSITIVE
263,630,936,285,8,108,4.4,21715,62,79,HIGH,LOW,LOW,MIXED,POSITIVE
264,632,940,301,7,117,0.79,90556,70,64,HIGH,LOW,LOW,POSITIVE,MIXED
265,633,944,108,10,112,0.54,59312,60,40,HIGH,LOW,LOW,MIXED,NEGATIVE
266,636,948,143,9,99,0.03,53441,49,53,HIGH,LOW,LOW,NEGATIVE,MIXED
267,639,952,102,10,102,35.54,75137,60,18,HIGH,LOW,LOW,MIXED,MOSTLY_NEGATIVE
268,640,956,504,6,172,27.1,298651,75,55,HIGH,LOW,LOW,POSITIVE,MIXED
269,642,960,171,3,107,179.88,388447,67,40,HIGH,LOW,LOW,POSITIVE,NEGATIVE
271,645,964,440,6,143,304.36,547386,78,81,HIGH,LOW,LOW,POSITIVE,MOSTLY_POSITIVE
272,648,968,398,6,169,303.0,668651,79,58,HIGH,LOW,MEDIUM,POSITIVE,MIXED
273,650,972,400,6,110,138.45,432046,72,69,HIGH,LOW,LOW,POSITIVE,POSITIVE
274,653,976,241,10,106,3.23,52144,80,79,HIGH,LOW,LOW,MOSTLY_POSITIVE,POSITIVE
276,656,980,270,7,124,89.02,410125,70,54,HIGH,LOW,LOW,POSITIVE,MIXED
277,659,984,400,8,112,191.62,280110,71,71,HIGH,LOW,LOW,POSITIVE,POSITIVE
278,662,988,114,1,157,33.05,329683,77,78,HIGH,LOW,LOW,POSITIVE,POSITIVE
279,665,992,415,10,117,3.37,36312,70,83,HIGH,LOW,LOW,POSITIVE,MOSTLY_POSITIVE
280,666,996,457,7,130,408.99,591023,72,62,HIGH,MEDIUM,LOW,POSITIVE,MIXED
281,669,1000,311,7,115,117.7,492324,73,50,HIGH,LOW,LOW,POSITIVE,MIXED
282,672,1004,187,3,128,209.02,501769,76,57,HIGH,LOW,LOW,POSITIVE,MIXED
284,675,1008,500,9,119,12.71,110773,70,66,HIGH,LOW,LOW,POSITIVE,POSITIVE
285,678,1012,63,8,98,72.66,122838,60,47,HIGH,LOW,LOW,MIXED,NEGATIVE
286,680,1016,522,5,110,36.38,204874,61,33,HIGH,LOW,LOW,MIXED,NEGATIVE
287,682,1020,182,10,105,14.9,30405,58,34,HIGH,LOW,LOW,MIXED,NEGATIVE
288,684,1024,299,9,127,47.38,150121,53,40,HIGH,LOW,LOW,MIXED,NEGATIVE
289,687,1028,217,10,95,17.36,26508,58,47,HIGH,LOW,LOW,MIXED,NEGATIVE
291,690,1032,443,10,118,2.13,58782,75,72,HIGH,LOW,LOW,POSITIVE,POSITIVE
292,693,1036,219,6,112,65.0,226631,72,66,HIGH,LOW,LOW,POSITIVE,POSITIVE
293,696,1040,368,10,92,55.29,76327,57,58,HIGH,LOW,LOW,MIXED,MIXED
295,697,1044,522,7,143,291.02,577010,71,55,HIGH,LOW,LOW,POSITIVE,MIXED
296,700,1048,433,10,111,18.71,20514,66,26,HIGH,LOW,LOW,POSITIVE,MOSTLY_NEGATIVE
297,702,1052,358,10,94,64.06,34523,57,34,HIGH,LOW,LOW,MIXED,NEGATIVE
298,705,1056,115,0,109,124.73,302268,68,62,HIGH,LOW,LOW,POSITIVE,MIXED
299,707,1060,60,10,127,15.43,43929,71,66,HIGH,LOW,LOW,POSITIVE,POSITIVE
300,710,1064,390,1,158,40.22,400682,81,92,HIGH,LOW,LOW,MOSTLY_POSITIVE,MOSTLY_POSITIVE
301,712,1068,36,8,132,101.53,249425,72,57,HIGH,LOW,LOW,POSITIVE,MIXED
302,715,1072,396,7,121,125.07,218996,75,60,HIGH,LOW,LOW,POSITIVE,MIXED
303,718,1076,138,6,95,42.04,295554,70,72,HIGH,LOW,LOW,POSITIVE,POSITIVE
304,719,1080,161,2,97,48.24,67033,55,55,HIGH,LOW,LOW,MIXED,MIXED
305,721,1084,231,4,104,31.58,105619,64,46,HIGH,LOW,LOW,MIXED,NEGATIVE
306,723,1088,390,8,148,8.09,69509,67,81,HIGH,LOW,LOW,POSITIVE,MOSTLY_POSITIVE
307,726,1092,204,10,113,77.04,57207,62,34,HIGH,LOW,LOW,MIXED,NEGATIVE
309,729,1096,284,0,104,62.49,193479,60,45,HIGH,LOW,LOW,MIXED,NEGATIVE
310,732,1100,84,10,110,46.81,59886,61,51,HIGH,LOW,LOW,MIXED,MIXED
311,734,1104,249,3,129,255.95,237221,77,53,HIGH,LOW,LOW,POSITIVE,MIXED
312,737,1108,1,7,180,2.2,103150,78,88,HIGH,LOW,LOW,POSITIVE,MOSTLY_POSITIVE
313,739,1112,228,8,93,0.92,132580,68,86,HIGH,LOW,LOW,POSITIVE,MOSTLY_POSITIVE
314,741,1116,398,8,144,255.11,385598,74,59,HIGH,LOW,LOW,POSITIVE,MIXED
315,743,1120,126,1,138,292.0,385325,75,71,HIGH,LOW,LOW,POSITIVE,POSITIVE
316,746,1124,58,7,126,4.56,199048,70,84,HIGH,LOW,LOW,POSITIVE,MOSTLY_POSITIVE
317,749,1128,197,10,112,34.91,73093,52,33,HIGH,LOW,LOW,MIXED,NEGATIVE
319,752,1132,317,9,94,65.07,81429,62,55,HIGH,LOW,LOW,MIXED,MIXED
320,755,1136,284,5,131,209.81,300803,73,66,HIGH,LOW,LOW,POSITIVE,POSITIVE
321,758,1140,33,0,104,65.27,95960,65,48,HIGH,LOW,LOW,POSITIVE,NEGATIVE
322,761,1144,464,10,84,0.01,616,64,74,HIGH,LOW,LOW,MIXED,POSITIVE
323,762,1148,187,2,114,5.69,203096,73,53,HIGH,LOW,LOW,POSITIVE,MIXED
324,765,1152,22,5,109,37.55,319025,67,53,HIGH,LOW,LOW,POSITIVE,MIXED
325,768,1156,114,4,120,96.92,510100,77,95,HIGH,LOW,LOW,POSITIVE,OVERWHELMING_POSITIVE
326,770,1160,62,9,106,27.36,71149,60,34,HIGH,LOW,LOW,MIXED,NEGATIVE
327,773,1164,389,9,110,5.77,37975,60,36,HIGH,LOW,LOW,MIXED,NEGATIVE
328,776,1168,428,10,103,0.04,12643,74,54,HIGH,LOW,LOW,POSITIVE,MIXED
329,779,1172,230,9,95,3.22,62885,70,79,HIGH,LOW,LOW,POSITIVE,POSITIVE
330,782,1176,345,9,133,7.1,43085,54,51,HIGH,LOW,LOW,MIXED,MIXED
331,785,1180,368,10,87,72.66,34248,69,56,HIGH,LOW,LOW,POSITIVE,MIXED
332,788,1184,90,8,133,350.12,353305,73,72,HIGH,MEDIUM,LOW,POSITIVE,POSITIVE
333,791,1188,223,7,117,27.3,352801,80,84,HIGH,LOW,LOW,MOSTLY_POSITIVE,MOSTLY_POSITIVE
334,793,1192,478,6,150,182.2,207497,74,86,HIGH,LOW,LOW,POSITIVE,MOSTLY_POSITIVE
335,796,1196,432,7,123,26.9,339722,81,75,HIGH,LOW,LOW,MOSTLY_POSITIVE,POSITIVE
337,799,1200,119,6,122,132.09,564364,78,81,HIGH,LOW,LOW,POSITIVE,MOSTLY_POSITIVE
339,802,1204,271,8,126,124.87,271301,78,69,HIGH,LOW,LOW,POSITIVE,POSITIVE
340,804,1208,156,8,117,46.28,93764,65,31,HIGH,LOW,LOW,POSITIVE,NEGATIVE
341,806,1212,284,3,107,155.02,217464,66,46,HIGH,LOW,LOW,POSITIVE,NEGATIVE
342,809,1216,410,6,119,66.47,452369,74,84,HIGH,LOW,LOW,POSITIVE,MOSTLY_POSITIVE
343,812,1220,429,7,131,73.1,173320,64,52,HIGH,LOW,LOW,MIXED,MIXED
344,815,1224,117,10,102,76.2,36322,68,71,HIGH,LOW,LOW,POSITIVE,POSITIVE
345,818,1228,441,1,139,336.53,406219,62,59,HIGH,MEDIUM,LOW,MIXED,MIXED
346,820,1232,391,5,110,20.32,92329,58,35,HIGH,LOW,LOW,MIXED,NEGATIVE
347,823,1236,336,1,127,38.35,220664,77,66,HIGH,LOW,LOW,POSITIVE,POSITIVE
348,826,1240,119,7,138,150.12,379088,73,90,HIGH,LOW,LOW,POSITIVE,MOSTLY_POSITIVE
349,828,1244,287,3,102,16.2,96617,51,47,HIGH,LOW,LOW,MIXED,NEGATIVE
350,830,1248,518,5,94,56.82,320323,77,81,HIGH,LOW,LOW,POSITIVE,MOSTLY_POSITIVE
352,833,1252,119,9,124,56.44,97679,66,56,HIGH,LOW,LOW,POSITIVE,MIXED
353,834,1256,234,9,119,2.02,33352,71,47,HIGH,LOW,LOW,POSITIVE,NEGATIVE
354,836,1260,518,10,96,11.08,45579,67,64,HIGH,LOW,LOW,POSITIVE,MIXED
355,839,1264,424,9,119,130.0,171970,63,42,HIGH,LOW,LOW,MIXED,NEGATIVE
356,842,1268,453,8,102,17.18,59958,55,30,HIGH,LOW,LOW,MIXED,NEGATIVE
358,845,1272,210,8,123,35.89,299718,77,72,HIGH,LOW,LOW,POSITIVE,POSITIVE
359,848,1276,151,7,107,101.47,327838,66,67,HIGH,LOW,LOW,POSITIVE,POSITIVE
360,850,1280,413,7,123,15.29,221600,78,55,HIGH,LOW,LOW,POSITIVE,MIXED
361,853,1284,2,2,98,100.47,223065,69,51,HIGH,LOW,LOW,POSITIVE,MIXED
362,854,1288,260,8,100,0.05,14248,57,42,HIGH,LOW,LOW,MIXED,NEGATIVE
363,856,1292,200,7,132,228.76,417663,78,72,HIGH,LOW,LOW,POSITIVE,POSITIVE
364,859,1296,434,3,88,75.59,409403,77,73,HIGH,LOW,LOW,POSITIVE,POSITIVE
365,862,1300,150,10,106,30.0,89059,63,72,HIGH,LOW,LOW,MIXED,POSITIVE
366,864,1304,106,2,120,141.32,677044,80,86,HIGH,LOW,MEDIUM,MOSTLY_POSITIVE,MOSTLY_POSITIVE
367,865,1308,54,6,115,292.3,194329,55,52,HIGH,LOW,LOW,MIXED,MIXED
369,868,1312,321,6,136,262.03,474320,70,66,HIGH,LOW,LOW,POSITIVE,POSITIVE
370,870,1316,495,10,123,26.38,28326,57,38,HIGH,LOW,LOW,MIXED,NEGATIVE
371,873,1320,199,10,89,3.85,702,60,62,HIGH,LOW,LOW,MIXED,MIXED
372,876,1324,513,8,113,102.41,335531,68,57,HIGH,LOW,LOW,POSITIVE,MIXED
373,879,1328,39,10,113,14.27,38430,63,36,HIGH,LOW,LOW,MIXED,NEGATIVE
374,882,1332,495,2,110,134.57,312495,67,64,HIGH,LOW,LOW,POSITIVE,MIXED
375,885,1336,469,10,111,27.37,31776,69,71,HIGH,LOW,LOW,POSITIVE,POSITIVE
376,888,1340,146,10,99,2.2,7583,57,33,HIGH,LOW,LOW,MIXED,NEGATIVE
377,891,1344,444,9,123,62.56,135706,69,68,HIGH,LOW,LOW,POSITIVE,POSITIVE
378,894,1348,437,9,133,109.71,175673,76,82,HIGH,LOW,LOW,POSITIVE,MOSTLY_POSITIVE
379,896,1352,101,10,97,4.21,61812,71,64,HIGH,LOW,LOW,POSITIVE,MIXED
380,899,1356,385,8,126,39.29,137568,61,35,HIGH,LOW,LOW,MIXED,NEGATIVE
381,902,1360,227,8,86,3.33,84016,76,76,HIGH,LOW,LOW,POSITIVE,POSITIVE
382,905,1364,36,9,124,52.42,169083,74,57,HIGH,LOW,LOW,POSITIVE,MIXED
384,907,1368,478,9,142,72.31,217938,76,81,HIGH,LOW,LOW,POSITIVE,MOSTLY_POSITIVE
385,910,1372,400,8,100,257.76,266508,78,83,HIGH,LOW,LOW,POSITIVE,MOSTLY_POSITIVE
386,913,1376,44,9,121,43.25,154647,71,64,HIGH,LOW,LOW,POSITIVE,MIXED
387,916,1380,78,9,105,78.75,101092,56,27,HIGH,LOW,LOW,MIXED,MOSTLY_NEGATIVE
388,919,1384,417,4,140,105.22,221117,67,53,HIGH,LOW,LOW,POSITIVE,MIXED
389,922,1388,209,7,126,132.55,355362,67,60,HIGH,LOW,LOW,POSITIVE,MIXED
390,925,1392,23,6,132,73.06,220667,66,51,HIGH,LOW,LOW,POSITIVE,MIXED
391,928,1396,395,10,100,20.57,31913,63,63,HIGH,LOW,LOW,MIXED,MIXED
392,930,1400,405,9,115,10.64,31194,58,39,HIGH,LOW,LOW,MIXED,NEGATIVE
393,933,1404,106,9,122,17.75,116112,72,82,HIGH,LOW,LOW,POSITIVE,MOSTLY_POSITIVE
395,935,1408,129,7,101,133.67,114482,54,19,HIGH,LOW,LOW,MIXED,MOSTLY_NEGATIVE
396,936,1412,304,9,112,42.48,112288,72,51,HIGH,LOW,LOW,POSITIVE,MIXED
397,939,1416,311,2,112,134.52,342355,68,61,HIGH,LOW,LOW,POSITIVE,MIXED
398,942,1420,397,3,113,109.18,86417,55,23,HIGH,LOW,LOW,MIXED,MOSTLY_NEGATIVE
400,943,1424,477,6,110,113.71,113686,61,72,HIGH,LOW,LOW,MIXED,POSITIVE
401,945,1428,297,9,91,336.03,159830,64,56,HIGH,MEDIUM,LOW,MIXED,MIXED
404,948,1432,404,4,95,251.5,410607,77,72,HIGH,LOW,LOW,POSITIVE,POSITIVE
405,951,1436,344,8,118,26.76,49041,67,29,HIGH,LOW,LOW,POSITIVE,MOSTLY_NEGATIVE
406,953,1440,287,9,100,0.23,40529,67,74,HIGH,LOW,LOW,POSITIVE,POSITIVE
407,956,1444,288,6,157,95.72,226661,74,95,HIGH,LOW,LOW,POSITIVE,OVERWHELMING_POSITIVE
408,959,1448,364,4,100,200.81,316459,78,71,HIGH,LOW,LOW,POSITIVE,POSITIVE
409,962,1452,155,9,137,281.67,202380,66,65,HIGH,LOW,LOW,POSITIVE,POSITIVE
410,965,1456,244,9,99,58.88,74589,61,34,HIGH,LOW,LOW,MIXED,NEGATIVE
411,967,1460,405,2,93,145.0,502961,78,50,HIGH,LOW,LOW,POSITIVE,MIXED
412,969,1464,144,9,115,183.44,108306,65,63,HIGH,LOW,LOW,POSITIVE,MIXED
413,971,1468,103,7,104,268.49,252119,73,65,HIGH,LOW,LOW,POSITIVE,POSITIVE
415,974,1472,130,10,98,21.2,48161,56,38,HIGH,LOW,LOW,MIXED,NEGATIVE
416,977,1476,293,8,102,1.82,34546,54,55,HIGH,LOW,LOW,MIXED,MIXED
419,980,1480,126,4,146,294.98,357213,77,65,HIGH,LOW,LOW,POSITIVE,POSITIVE
420,983,1484,472,5,101,4.0,155010,72,72,HIGH,LOW,LOW,POSITIVE,POSITIVE
421,984,1488,238,5,111,40.25,164208,68,65,HIGH,LOW,LOW,POSITIVE,POSITIVE
422,987,1492,122,1,88,0.04,8914,57,35,HIGH,LOW,LOW,MIXED,NEGATIVE
423,988,1496,69,10,108,10.91,35003,58,45,HIGH,LOW,LOW,MIXED,NEGATIVE
424,991,1500,374,8,102,106.37,237887,62,48,HIGH,LOW,LOW,MIXED,NEGATIVE
425,994,1504,43,10,99,62.4,100702,59,28,HIGH,LOW,LOW,MIXED,MOSTLY_NEGATIVE
426,997,1508,114,2,166,127.49,485075,78,70,HIGH,LOW,LOW,POSITIVE,POSITIVE
427,1000,1512,158,8,102,13.75,122185,65,46,HIGH,LOW,LOW,POSITIVE,NEGATIVE
428,1003,1516,388,1,115,227.14,525700,81,85,HIGH,LOW,LOW,MOSTLY_POSITIVE,MOSTLY_POSITIVE
431,1006,1520,408,3,170,6.52,238789,84,67,HIGH,LOW,LOW,MOSTLY_POSITIVE,POSITIVE
432,1008,1524,50,10,102,28.84,48297,47,34,HIGH,LOW,LOW,NEGATIVE,NEGATIVE
433,1009,1528,320,7,116,202.35,494819,70,63,HIGH,LOW,LOW,POSITIVE,MIXED
434,1012,1532,59,5,132,209.36,382459,74,73,HIGH,LOW,LOW,POSITIVE,POSITIVE
437,1015,1536,176,9,123,37.43,58421,71,33,HIGH,LOW,LOW,POSITIVE,NEGATIVE
438,1017,1540,198,6,114,19.0,156189,76,73,HIGH,LOW,LOW,POSITIVE,POSITIVE
439,1019,1544,226,7,103,28.75,214825,66,41,HIGH,LOW,LOW,POSITIVE,NEGATIVE
441,1022,1548,441,7,130,234.9,181521,63,44,HIGH,LOW,LOW,MIXED,NEGATIVE
442,1025,1552,242,9,117,38.32,94977,75,87,HIGH,LOW,LOW,POSITIVE,MOSTLY_POSITIVE
443,1027,1556,192,3,100,75.28,156620,77,80,HIGH,LOW,LOW,POSITIVE,MOSTLY_POSITIVE
444,1030,1560,132,4,112,9.7,151409,74,81,HIGH,LOW,LOW,POSITIVE,MOSTLY_POSITIVE
447,1032,1564,394,6,95,13.4,213764,71,59,HIGH,LOW,LOW,POSITIVE,MIXED
448,1034,1568,481,10,101,5.2,52331,79,81,HIGH,LOW,LOW,POSITIVE,MOSTLY_POSITIVE
449,1037,1572,134,8,102,222.49,309186,78,74,HIGH,LOW,LOW,POSITIVE,POSITIVE
450,1040,1576,294,7,100,35.27,113272,59,53,HIGH,LOW,LOW,MIXED,MIXED
451,1042,1580,255,4,124,312.06,556666,70,57,HIGH,LOW,LOW,POSITIVE,MIXED
452,1045,1584,223,9,101,1.82,58720,70,49,HIGH,LOW,LOW,POSITIVE,NEGATIVE
453,1047,1588,83,3,108,10.33,126656,68,28,HIGH,LOW,LOW,POSITIVE,MOSTLY_NEGATIVE
454,1050,1592,36,7,119,98.9,214994,65,41,HIGH,LOW,LOW,POSITIVE,NEGATIVE
455,1052,1596,96,5,109,55.09,202682,61,36,HIGH,LOW,LOW,MIXED,NEGATIVE
456,1055,1600,490,6,115,0.61,192263,83,76,HIGH,LOW,LOW,MOSTLY_POSITIVE,POSITIVE
457,1056,1604,33,3,108,163.95,241709,67,48,HIGH,LOW,LOW,POSITIVE,NEGATIVE
458,1059,1608,149,9,100,90.35,95119,60,34,HIGH,LOW,LOW,MIXED,NEGATIVE
459,1061,1612,129,5,117,103.03,182069,64,33,HIGH,LOW,LOW,MIXED,NEGATIVE
460,1063,1616,440,2,119,22.88,159736,73,69,HIGH,LOW,LOW,POSITIVE,POSITIVE
461,1065,1620,48,4,125,92.17,294553,76,74,HIGH,LOW,LOW,POSITIVE,POSITIVE
462,1068,1624,517,10,97,35.79,51235,60,42,HIGH,LOW,LOW,MIXED,NEGATIVE
463,1071,1628,349,10,109,4.07,8229,66,63,HIGH,LOW,LOW,POSITIVE,MIXED
465,1073,1632,419,9,103,80.02,57602,63,60,HIGH,LOW,LOW,MIXED,MIXED
466,1076,1636,187,5,129,186.83,357436,75,48,HIGH,LOW,LOW,POSITIVE,NEGATIVE
467,1079,1640,402,4,100,118.31,255813,64,65,HIGH,LOW,LOW,MIXED,POSITIVE
468,1082,1644,128,7,91,1.01,111558,69,61,HIGH,LOW,LOW,POSITIVE,MIXED
469,1084,1648,367,3,112,115.65,556794,80,81,HIGH,LOW,LOW,MOSTLY_POSITIVE,MOSTLY_POSITIVE
470,1087,1652,2,4,107,119.22,199900,67,64,HIGH,LOW,LOW,POSITIVE,MIXED
471,1090,1656,417,1,157,130.13,337835,78,76,HIGH,LOW,LOW,POSITIVE,POSITIVE
472,1093,1660,465,0,123,15.96,83941,64,65,HIGH,LOW,LOW,MIXED,POSITIVE
473,1096,1664,429,3,158,166.11,297984,58,49,HIGH,LOW,LOW,MIXED,NEGATIVE
474,1099,1668,126,3,153,301.96,351059,75,78,HIGH,LOW,LOW,POSITIVE,POSITIVE
475,1102,1672,48,6,120,136.02,481274,77,86,HIGH,LOW,LOW,POSITIVE,MOSTLY_POSITIVE
476,1105,1676,133,10,106,15.79,56332,74,54,HIGH,LOW,LOW,POSITIVE,MIXED
477,1108,1680,154,0,137,11.28,278103,85,89,HIGH,LOW,LOW,MOSTLY_POSITIVE,MOSTLY_POSITIVE
481,1110,1684,368,2,111,62.88,226619,72,67,HIGH,LOW,LOW,POSITIVE,POSITIVE
482,1113,1688,402,8,97,45.09,93799,65,47,HIGH,LOW,LOW,POSITIVE,NEGATIVE
483,1116,1692,246,10,115,12.63,48400,63,52,HIGH,LOW,LOW,MIXED,MIXED
486,1119,1696,512,6,94,45.51,254446,78,84,HIGH,LOW,LOW,POSITIVE,MOSTLY_POSITIVE
487,1122,1700,3,1,117,118.82,102954,67,81,HIGH,LOW,LOW,POSITIVE,MOSTLY_POSITIVE
488,1125,1704,302,7,115,71.35,84765,67,34,HIGH,LOW,LOW,POSITIVE,NEGATIVE
489,1128,1708,178,9,105,53.85,166489,66,56,HIGH,LOW,LOW,POSITIVE,MIXED
490,1131,1712,59,1,111,206.44,504039,80,96,HIGH,LOW,LOW,MOSTLY_POSITIVE,OVERWHELMING_POSITIVE
491,1134,1716,233,4,98,0.02,36091,65,66,HIGH,LOW,LOW,POSITIVE,POSITIVE
492,1137,1720,7,4,118,94.82,241359,69,53,HIGH,LOW,LOW,POSITIVE,MIXED
493,1140,1724,333,2,85,80.03,313803,70,64,HIGH,LOW,LOW,POSITIVE,MIXED
494,1143,1728,147,9,114,28.77,44553,53,34,HIGH,LOW,LOW,MIXED,NEGATIVE
495,1146,1732,262,7,108,2.61,94707,63,78,HIGH,LOW,LOW,MIXED,POSITIVE
496,1149,1736,155,1,101,256.39,565721,72,65,HIGH,LOW,LOW,POSITIVE,POSITIVE
497,1152,1740,46,6,106,179.02,278379,68,58,HIGH,LOW,LOW,POSITIVE,MIXED
498,1155,1744,200,5,112,126.98,298913,71,72,HIGH,LOW,LOW,POSITIVE,POSITIVE
499,1158,1748,152,3,109,73.34,228339,74,34,HIGH,LOW,LOW,POSITIVE,NEGATIVE
500,1161,1752,393,3,96,292.98,722203,83,88,HIGH,LOW,MEDIUM,MOSTLY_POSITIVE,MOSTLY_POSITIVE
501,1164,1756,513,9,131,81.69,159364,63,43,HIGH,LOW,LOW,MIXED,NEGATIVE
502,1167,1760,496,9,118,0.25,77995,72,95,HIGH,LOW,LOW,POSITIVE,OVERWHELMING_POSITIVE
504,1169,1764,382,9,124,2.7,52636,73,64,HIGH,LOW,LOW,POSITIVE,MIXED
507,1172,1768,375,6,131,47.31,107960,65,59,HIGH,LOW,LOW,POSITIVE,MIXED
508,1175,1772,321,3,95,32.39,398972,77,76,HIGH,LOW,LOW,POSITIVE,POSITIVE
509,1178,1776,144,7,94,8.83,83625,43,18,HIGH,LOW,LOW,NEGATIVE,MOSTLY_NEGATIVE
510,1180,1780,15,7,91,274.08,622089,78,96,HIGH,LOW,MEDIUM,POSITIVE,OVERWHELMING_POSITIVE
511,1183,1784,325,2,94,9.03,144614,78,55,HIGH,LOW,LOW,POSITIVE,MIXED
512,1185,1788,36,1,124,46.98,267820,72,53,HIGH,LOW,LOW,POSITIVE,MIXED
513,1188,1792,317,2,91,64.51,170897,50,34,HIGH,LOW,LOW,MIXED,NEGATIVE
514,1190,1796,439,9,132,66.01,47289,71,72,HIGH,LOW,LOW,POSITIVE,POSITIVE
516,1193,1800,516,4,92,58.4,294950,71,72,HIGH,LOW,LOW,POSITIVE,POSITIVE
517,1196,1804,417,8,150,65.01,137299,60,52,HIGH,LOW,LOW,MIXED,MIXED
518,1199,1808,367,9,120,31.57,188769,69,41,HIGH,LOW,LOW,POSITIVE,NEGATIVE
519,1202,1812,398,7,161,258.36,513744,79,66,HIGH,LOW,LOW,POSITIVE,POSITIVE
520,1204,1816,55,7,111,0.05,1356,62,51,HIGH,LOW,LOW,MIXED,MIXED
521,1206,1820,451,10,120,2.96,24100,72,59,HIGH,LOW,LOW,POSITIVE,MIXED
522,1209,1824,417,7,117,16.97,84927,53,48,HIGH,LOW,LOW,MIXED,NEGATIVE
523,1212,1828,24,10,133,23.05,1830,47,57,HIGH,LOW,LOW,NEGATIVE,MIXED
525,1215,1832,123,4,106,0.06,36043,70,60,HIGH,LOW,LOW,POSITIVE,MIXED
526,1218,1836,175,10,103,93.05,552,39,61,HIGH,LOW,LOW,NEGATIVE,MIXED
528,1221,1840,143,7,100,7.19,26461,54,38,HIGH,LOW,LOW,MIXED,NEGATIVE
529,1223,1844,164,8,123,200.66,318058,64,62,HIGH,LOW,LOW,MIXED,MIXED
530,1226,1848,506,6,135,113.17,245374,67,61,HIGH,LOW,LOW,POSITIVE,MIXED
531,1229,1852,417,0,117,7.46,74674,69,47,HIGH,LOW,LOW,POSITIVE,NEGATIVE
532,1232,1856,462,10,92,64.03,12758,54,59,HIGH,LOW,LOW,MIXED,MIXED
534,1234,1860,312,8,89,126.55,352698,64,61,HIGH,LOW,LOW,MIXED,MIXED
535,1237,1864,485,10,125,1.08,1024,72,77,HIGH,LOW,LOW,POSITIVE,POSITIVE
536,1239,1868,449,8,132,43.57,143389,65,39,HIGH,LOW,LOW,POSITIVE,NEGATIVE
537,1242,1872,87,6,130,58.68,250811,70,50,HIGH,LOW,LOW,POSITIVE,MIXED
538,1245,1876,473,10,108,0.54,24761,57,22,HIGH,LOW,LOW,MIXED,MOSTLY_NEGATIVE
541,1248,1880,430,4,128,15.52,137964,72,77,HIGH,LOW,LOW,POSITIVE,POSITIVE
542,1250,1884,365,5,105,79.24,444417,74,59,HIGH,LOW,LOW,POSITIVE,MIXED
546,1253,1888,225,10,112,3.71,54787,67,76,HIGH,LOW,LOW,POSITIVE,POSITIVE
547,1256,1892,352,10,92,4.42,10485,68,83,HIGH,LOW,LOW,POSITIVE,MOSTLY_POSITIVE
548,1258,1896,492,4,108,334.19,324898,65,53,HIGH,MEDIUM,LOW,POSITIVE,MIXED
549,1261,1900,401,10,98,0.11,391,68,68,HIGH,LOW,LOW,POSITIVE,POSITIVE
551,1264,1904,399,0,106,118.68,106381,58,45,HIGH,LOW,LOW,MIXED,NEGATIVE
552,1267,1908,225,10,123,7.7,17141,71,79,HIGH,LOW,LOW,POSITIVE,POSITIVE
553,1270,1912,273,9,100,56.11,121847,43,27,HIGH,LOW,LOW,NEGATIVE,MOSTLY_NEGATIVE
556,1273,1916,418,9,91,35.39,30180,46,30,HIGH,LOW,LOW,NEGATIVE,NEGATIVE
557,1275,1920,239,9,108,43.77,96688,71,77,HIGH,LOW,LOW,POSITIVE,POSITIVE
558,1277,1924,168,8,92,55.94,148504,63,40,HIGH,LOW,LOW,MIXED,NEGATIVE
559,1280,1928,432,9,122,24.99,90372,69,47,HIGH,LOW,LOW,POSITIVE,NEGATIVE
560,1283,1932,355,0,84,0.44,115355,66,66,HIGH,LOW,LOW,POSITIVE,POSITIVE
561,1286,1936,480,4,103,102.98,283282,65,45,HIGH,LOW,LOW,POSITIVE,NEGATIVE
562,1289,1940,153,7,91,54.24,133113,65,57,HIGH,LOW,LOW,POSITIVE,MIXED
563,1291,1944,445,6,110,48.06,171169,68,53,HIGH,LOW,LOW,POSITIVE,MIXED
564,1293,1948,412,6,101,189.41,290559,78,72,HIGH,LOW,LOW,POSITIVE,POSITIVE
565,1296,1952,435,6,127,155.11,239772,61,57,HIGH,LOW,LOW,MIXED,MIXED
566,1299,1956,238,9,111,34.96,47804,58,36,HIGH,LOW,LOW,MIXED,NEGATIVE
567,1302,1960,341,5,154,352.36,338369,63,42,HIGH,MEDIUM,LOW,MIXED,NEGATIVE
568,1305,1964,220,1,96,143.49,432461,75,81,HIGH,LOW,LOW,POSITIVE,MOSTLY_POSITIVE
569,1307,1968,504,10,98,4.2,26521,61,58,HIGH,LOW,LOW,MIXED,MIXED
570,1309,1972,235,10,98,41.01,68654,65,55,HIGH,LOW,LOW,POSITIVE,MIXED
571,1312,1976,369,8,109,83.91,110825,60,39,HIGH,LOW,LOW,MIXED,NEGATIVE
572,1314,1980,292,1,107,127.71,150353,71,75,HIGH,LOW,LOW,POSITIVE,POSITIVE
573,1317,1984,363,9,121,75.27,159582,71,51,HIGH,LOW,LOW,POSITIVE,MIXED
574,1319,1988,261,0,101,59.89,374044,78,80,HIGH,LOW,LOW,POSITIVE,MOSTLY_POSITIVE
575,1321,1992,52,10,117,4.85,11900,68,62,HIGH,LOW,LOW,POSITIVE,MIXED
576,1324,1996,311,4,106,163.19,238206,58,39,HIGH,LOW,LOW,MIXED,NEGATIVE
577,1327,2000,94,10,117,27.55,44425,68,58,HIGH,LOW,LOW,POSITIVE,MIXED
578,1330,2004,270,4,125,172.05,273959,68,49,HIGH,LOW,LOW,POSITIVE,NEGATIVE
579,1333,2008,155,7,146,424.65,525646,76,76,HIGH,MEDIUM,LOW,POSITIVE,POSITIVE
580,1336,2012,21,4,101,0.58,44158,63,57,HIGH,LOW,LOW,MIXED,MIXED
581,1339,2016,253,10,90,131.56,6809,49,37,HIGH,LOW,LOW,NEGATIVE,NEGATIVE
583,1340,2020,201,8,94,38.54,89885,51,36,HIGH,LOW,LOW,MIXED,NEGATIVE
584,1342,2024,295,6,110,41.1,60059,57,41,HIGH,LOW,LOW,MIXED,NEGATIVE
585,1345,2028,53,5,133,75.61,297395,76,87,HIGH,LOW,LOW,POSITIVE,MOSTLY_POSITIVE
586,1348,2032,328,1,114,115.8,190673,52,35,HIGH,LOW,LOW,MIXED,NEGATIVE
587,1351,2036,30,8,137,115.6,114006,72,59,HIGH,LOW,LOW,POSITIVE,MIXED
588,1354,2040,482,5,110,83.5,142900,60,46,HIGH,LOW,LOW,MIXED,NEGATIVE
589,1357,2044,106,1,107,3.68,199860,73,64,HIGH,LOW,LOW,POSITIVE,MIXED
590,1360,2048,324,6,93,237.28,293941,72,69,HIGH,LOW,LOW,POSITIVE,POSITIVE
591,1363,2052,371,3,152,10.1,182074,78,76,HIGH,LOW,LOW,POSITIVE,POSITIVE
592,1366,2056,34,7,112,0.32,25208,62,37,HIGH,LOW,LOW,MIXED,NEGATIVE
593,1368,2060,348,8,106,10.72,116118,71,69,HIGH,LOW,LOW,POSITIVE,POSITIVE
594,1371,2064,26,0,105,2.34,122864,64,45,HIGH,LOW,LOW,MIXED,NEGATIVE
595,1374,2068,450,9,96,150.32,68306,61,42,HIGH,LOW,LOW,MIXED,NEGATIVE
596,1376,2072,333,4,116,12.13,97141,72,79,HIGH,LOW,LOW,POSITIVE,POSITIVE
597,1379,2076,226,2,110,24.85,84083,66,39,HIGH,LOW,LOW,POSITIVE,NEGATIVE
598,1382,2080,311,10,83,6.86,63408,62,44,HIGH,LOW,LOW,MIXED,NEGATIVE
599,1385,2084,139,3,97,5.01,277123,79,67,HIGH,LOW,LOW,POSITIVE,POSITIVE
600,1388,2088,502,4,95,148.34,183926,73,63,HIGH,LOW,LOW,POSITIVE,MIXED
601,1391,2092,434,7,113,46.0,181432,67,40,HIGH,LOW,LOW,POSITIVE,NEGATIVE
602,1394,2096,222,10,88,93.95,40357,64,66,HIGH,LOW,LOW,MIXED,POSITIVE
604,1397,2100,10,10,95,143.52,89791,72,66,HIGH,LOW,LOW,POSITIVE,POSITIVE
605,1400,2104,523,9,110,6.53,1630,51,90,HIGH,LOW,LOW,MIXED,MOSTLY_POSITIVE
608,1402,2108,454,5,98,117.53,368556,69,57,HIGH,LOW,LOW,POSITIVE,MIXED
609,1404,2112,519,8,139,3.49,33560,81,74,HIGH,LOW,LOW,MOSTLY_POSITIVE,POSITIVE
610,1405,2116,185,2,120,75.75,216932,70,78,HIGH,LOW,LOW,POSITIVE,POSITIVE
611,1408,2120,414,7,124,19.45,71822,62,52,HIGH,LOW,LOW,MIXED,MIXED
612,1411,2124,323,10,162,1.48,24387,76,93,HIGH,LOW,LOW,POSITIVE,MOSTLY_POSITIVE
613,1413,2128,398,3,135,43.98,130702,67,42,HIGH,LOW,LOW,POSITIVE,NEGATIVE
614,1416,2132,20,1,160,3.9,143564,75,68,HIGH,LOW,LOW,POSITIVE,POSITIVE
615,1419,2136,269,7,90,24.48,199973,66,66,HIGH,LOW,LOW,POSITIVE,POSITIVE
616,1422,2140,215,10,92,0.04,21089,63,48,HIGH,LOW,LOW,MIXED,NEGATIVE
617,1425,2144,240,10,101,20.76,277,40,53,HIGH,LOW,LOW,NEGATIVE,MIXED
619,1426,2148,381,9,95,0.03,30053,63,52,HIGH,LOW,LOW,MIXED,MIXED
620,1429,2152,50,7,114,58.23,249877,73,54,HIGH,LOW,LOW,POSITIVE,MIXED
621,1432,2156,416,9,103,17.47,66400,73,72,HIGH,LOW,LOW,POSITIVE,POSITIVE
622,1435,2160,361,6,88,62.32,127157,64,39,HIGH,LOW,LOW,MIXED,NEGATIVE
623,1438,2164,301,3,108,0.4,94069,66,49,HIGH,LOW,LOW,POSITIVE,NEGATIVE
624,1440,2167,322,3,97,65.0,78631,56,34,HIGH,LOW,LOW,MIXED,NEGATIVE
625,1441,2171,377,8,109,89.25,144715,60,26,HIGH,LOW,LOW,MIXED,MOSTLY_NEGATIVE
626,1443,2175,306,6,118,58.88,210965,63,43,HIGH,LOW,LOW,MIXED,NEGATIVE
627,1446,2179,63,0,104,234.36,406540,67,58,HIGH,LOW,LOW,POSITIVE,MIXED
630,1449,2183,459,8,98,113.73,74886,62,47,HIGH,LOW,LOW,MIXED,NEGATIVE
631,1452,2187,141,4,112,32.36,151519,67,55,HIGH,LOW,LOW,POSITIVE,MIXED
632,1455,2191,151,8,112,6.11,261536,66,52,HIGH,LOW,LOW,POSITIVE,MIXED
633,1456,2195,58,0,120,2.2,73491,70,85,HIGH,LOW,LOW,POSITIVE,MOSTLY_POSITIVE
636,1459,2199,278,1,129,148.73,309398,70,85,HIGH,LOW,LOW,POSITIVE,MOSTLY_POSITIVE
637,1461,2203,139,5,93,54.7,404884,75,74,HIGH,LOW,LOW,POSITIVE,POSITIVE
638,1464,2207,246,6,116,37.4,195360,73,58,HIGH,LOW,LOW,POSITIVE,MIXED
639,1466,2211,309,8,83,31.54,50402,56,59,HIGH,LOW,LOW,MIXED,MIXED
640,1469,2215,256,6,113,56.72,178471,67,49,HIGH,LOW,LOW,POSITIVE,NEGATIVE
641,1470,2219,163,0,117,162.59,361105,80,64,HIGH,LOW,LOW,MOSTLY_POSITIVE,MIXED
642,1472,2223,98,8,122,3.08,110100,81,77,HIGH,LOW,LOW,MOSTLY_POSITIVE,POSITIVE
644,1475,2227,159,10,113,0.86,4304,75,73,HIGH,LOW,LOW,POSITIVE,POSITIVE
647,1478,2231,254,9,101,13.65,76469,66,42,HIGH,LOW,LOW,POSITIVE,NEGATIVE
650,1480,2235,329,8,104,7.79,44111,56,30,HIGH,LOW,LOW,MIXED,NEGATIVE
651,1483,2239,492,1,116,52.88,296289,74,83,HIGH,LOW,LOW,POSITIVE,MOSTLY_POSITIVE
653,1486,2243,213,4,103,53.99,219916,68,52,HIGH,LOW,LOW,POSITIVE,MIXED
654,1489,2247,5,10,87,9.39,30875,67,68,HIGH,LOW,LOW,POSITIVE,POSITIVE
656,1491,2251,345,3,140,97.03,240323,70,70,HIGH,LOW,LOW,POSITIVE,POSITIVE
657,1494,2255,415,8,165,25.36,286722,79,100,HIGH,LOW,LOW,POSITIVE,OVERWHELMING_POSITIVE
658,1495,2259,265,8,101,190.87,178527,59,31,HIGH,LOW,LOW,MIXED,NEGATIVE
659,1498,2263,111,1,100,17.11,198006,77,82,HIGH,LOW,LOW,POSITIVE,MOSTLY_POSITIVE
660,1501,2267,461,9,96,0.03,2798,67,62,HIGH,LOW,LOW,POSITIVE,MIXED
661,1502,2271,116,2,111,87.34,267872,70,64,HIGH,LOW,LOW,POSITIVE,MIXED
662,1505,2275,257,6,95,0.02,54027,69,55,HIGH,LOW,LOW,POSITIVE,MIXED
663,1508,2279,48,1,114,20.3,206707,77,72,HIGH,LOW,LOW,POSITIVE,POSITIVE
664,1511,2283,387,7,117,159.58,140151,66,60,HIGH,LOW,LOW,POSITIVE,MIXED
665,1514,2287,340,10,102,0.28,5796,71,88,HIGH,LOW,LOW,POSITIVE,MOSTLY_POSITIVE
666,1515,2291,238,6,129,12.8,75291,66,63,HIGH,LOW,LOW,POSITIVE,MIXED
667,1517,2295,8,9,106,0.05,26320,57,32,HIGH,LOW,LOW,MIXED,NEGATIVE
668,1520,2299,455,9,115,81.26,136323,63,48,HIGH,LOW,LOW,MIXED,NEGATIVE
669,1523,2303,341,7,129,49.87,168875,65,45,HIGH,LOW,LOW,POSITIVE,NEGATIVE
670,1526,2307,141,0,143,57.37,422014,80,64,HIGH,LOW,LOW,MOSTLY_POSITIVE,MIXED
672,1529,2311,105,9,137,1.21,47703,65,41,HIGH,LOW,LOW,POSITIVE,NEGATIVE
673,1532,2315,288,2,131,15.7,352023,76,94,HIGH,LOW,LOW,POSITIVE,MOSTLY_POSITIVE
674,1535,2319,330,5,114,116.59,231907,56,39,HIGH,LOW,LOW,MIXED,NEGATIVE
676,1538,2323,157,1,126,25.59,233346,72,58,HIGH,LOW,LOW,POSITIVE,MIXED
677,1539,2327,351,7,115,25.12,188004,67,49,HIGH,LOW,LOW,POSITIVE,NEGATIVE
678,1542,2331,84,8,102,0.01,80415,72,44,HIGH,LOW,LOW,POSITIVE,NEGATIVE
679,1544,2335,38,9,101,34.02,57874,65,56,HIGH,LOW,LOW,POSITIVE,MIXED
680,1545,2339,224,10,140,0.54,2403,72,78,HIGH,LOW,LOW,POSITIVE,POSITIVE
681,1548,2343,155,8,123,337.1,331902,67,64,HIGH,MEDIUM,LOW,POSITIVE,MIXED
682,1551,2347,316,5,112,1.74,104953,75,68,HIGH,LOW,LOW,POSITIVE,POSITIVE
683,1554,2351,515,10,90,14.01,16164,65,87,HIGH,LOW,LOW,POSITIVE,MOSTLY_POSITIVE
684,1557,2355,189,7,130,31.17,112313,59,33,HIGH,LOW,LOW,MIXED,NEGATIVE
685,1560,2359,163,2,123,69.95,245144,77,36,HIGH,LOW,LOW,POSITIVE,NEGATIVE
686,1562,2363,500,4,118,138.8,534388,80,88,HIGH,LOW,LOW,MOSTLY_POSITIVE,MOSTLY_POSITIVE
687,1564,2367,472,2,96,0.15,54486,76,82,HIGH,LOW,LOW,POSITIVE,MOSTLY_POSITIVE
688,1566,2371,136,2,88,80.17,252503,61,35,HIGH,LOW,LOW,MIXED,NEGATIVE
689,1569,2375,305,4,103,414.98,586669,83,92,HIGH,MEDIUM,LOW,MOSTLY_POSITIVE,MOSTLY_POSITIVE
690,1572,2379,505,5,122,24.1,157053,71,85,HIGH,LOW,LOW,POSITIVE,MOSTLY_POSITIVE
691,1575,2383,391,6,96,42.35,114144,54,39,HIGH,LOW,LOW,MIXED,NEGATIVE
692,1578,2387,170,10,151,1.4,23540,78,56,HIGH,LOW,LOW,POSITIVE,MIXED
694,1580,2391,391,8,105,23.22,90188,55,39,HIGH,LOW,LOW,MIXED,NEGATIVE
695,1583,2395,29,6,127,124.98,471109,79,79,HIGH,LOW,LOW,POSITIVE,POSITIVE
698,1586,2399,353,8,106,0.33,86271,73,57,HIGH,LOW,LOW,POSITIVE,MIXED
699,1589,2403,306,1,128,134.52,347567,72,69,HIGH,LOW,LOW,POSITIVE,POSITIVE
702,1592,2407,455,6,106,218.63,494641,70,62,HIGH,LOW,LOW,POSITIVE,MIXED
703,1594,2411,424,4,111,90.36,250012,71,60,HIGH,LOW,LOW,POSITIVE,MIXED
704,1597,2415,47,2,165,49.55,106115,66,53,HIGH,LOW,LOW,POSITIVE,MIXED
705,1600,2419,176,4,98,23.23,83788,65,44,HIGH,LOW,LOW,POSITIVE,NEGATIVE
708,1603,2423,247,10,88,1.02,5908,65,53,HIGH,LOW,LOW,POSITIVE,MIXED
709,1606,2427,112,8,141,47.11,146812,74,48,HIGH,LOW,LOW,POSITIVE,NEGATIVE
710,1608,2431,242,7,96,5.73,18437,62,50,HIGH,LOW,LOW,MIXED,MIXED
711,1611,2435,341,3,150,402.08,335757,60,35,HIGH,MEDIUM,LOW,MIXED,NEGATIVE
712,1614,2439,343,10,80,0.92,11482,76,86,MEDIUM,LOW,LOW,POSITIVE,MOSTLY_POSITIVE
713,1616,2443,267,8,95,50.15,50388,73,67,HIGH,LOW,LOW,POSITIVE,POSITIVE
714,1619,2447,128,4,131,6.86,92863,82,80,HIGH,LOW,LOW,MOSTLY_POSITIVE,MOSTLY_POSITIVE
715,1622,2451,57,1,116,36.77,74664,58,46,HIGH,LOW,LOW,MIXED,NEGATIVE
716,1624,2455,174,0,108,197.99,141141,65,77,HIGH,LOW,LOW,POSITIVE,POSITIVE
717,1627,2459,135,9,104,32.36,64557,66,38,HIGH,LOW,LOW,POSITIVE,NEGATIVE
718,1628,2463,67,2,86,52.53,96718,62,47,HIGH,LOW,LOW,MIXED,NEGATIVE
719,1631,2467,107,8,138,101.16,209700,58,68,HIGH,LOW,LOW,MIXED,POSITIVE
720,1634,2471,368,8,97,150.06,236500,64,68,HIGH,LOW,LOW,MIXED,POSITIVE
721,1635,2475,301,7,123,0.33,65824,67,60,HIGH,LOW,LOW,POSITIVE,MIXED
722,1636,2479,223,8,115,37.88,95553,71,76,HIGH,LOW,LOW,POSITIVE,POSITIVE
723,1639,2483,129,4,102,162.0,190385,60,30,HIGH,LOW,LOW,MIXED,NEGATIVE
724,1640,2487,4,10,89,20.75,26088,51,47,HIGH,LOW,LOW,MIXED,NEGATIVE
725,1642,2491,189,4,140,176.59,127983,62,61,HIGH,LOW,LOW,MIXED,MIXED
726,1645,2495,492,6,113,79.71,209326,62,55,HIGH,LOW,LOW,MIXED,MIXED
727,1648,2499,516,5,109,55.8,286543,66,63,HIGH,LOW,LOW,POSITIVE,MIXED
728,1650,2503,365,0,110,39.83,309934,76,68,HIGH,LOW,LOW,POSITIVE,POSITIVE
729,1653,2507,236,4,117,77.21,219116,68,47,HIGH,LOW,LOW,POSITIVE,NEGATIVE
730,1656,2511,4,8,100,0.32,71069,67,76,HIGH,LOW,LOW,POSITIVE,POSITIVE
731,1657,2515,459,7,119,44.67,166342,63,42,HIGH,LOW,LOW,MIXED,NEGATIVE
732,1658,2519,182,5,104,37.37,201707,70,57,HIGH,LOW,LOW,POSITIVE,MIXED
734,1661,2523,432,0,149,217.54,338280,66,46,HIGH,LOW,LOW,POSITIVE,NEGATIVE
735,1663,2527,66,10,104,0.69,16163,77,37,HIGH,LOW,LOW,POSITIVE,NEGATIVE
736,1665,2531,332,5,126,73.82,259182,75,83,HIGH,LOW,LOW,POSITIVE,MOSTLY_POSITIVE
737,1668,2535,379,9,93,0.02,4155,56,68,HIGH,LOW,LOW,MIXED,POSITIVE
738,1670,2539,417,2,128,39.38,182305,71,57,HIGH,LOW,LOW,POSITIVE,MIXED
739,1673,2543,486,9,118,0.56,17439,57,53,HIGH,LOW,LOW,MIXED,MIXED
740,1675,2547,418,2,112,102.18,124554,52,31,HIGH,LOW,LOW,MIXED,NEGATIVE
741,1678,2551,49,10,99,63.03,29642,54,40,HIGH,LOW,LOW,MIXED,NEGATIVE
742,1679,2555,263,10,111,4.71,8998,66,54,HIGH,LOW,LOW,POSITIVE,MIXED
743,1682,2559,277,3,129,20.17,144524,82,80,HIGH,LOW,LOW,MOSTLY_POSITIVE,MOSTLY_POSITIVE
744,1685,2563,150,4,110,171.03,254904,76,80,HIGH,LOW,LOW,POSITIVE,MOSTLY_POSITIVE
745,1688,2567,337,9,96,3.59,25903,62,46,HIGH,LOW,LOW,MIXED,NEGATIVE
746,1691,2571,455,8,116,42.62,144779,61,44,HIGH,LOW,LOW,MIXED,NEGATIVE
749,1694,2575,354,10,99,34.9,30035,61,65,HIGH,LOW,LOW,MIXED,POSITIVE
750,1696,2579,491,7,106,68.56,91684,59,39,HIGH,LOW,LOW,MIXED,NEGATIVE
751,1699,2583,184,1,113,39.0,148943,72,68,HIGH,LOW,LOW,POSITIVE,POSITIVE
752,1702,2587,354,7,104,27.69,92875,65,61,HIGH,LOW,LOW,POSITIVE,MIXED
753,1704,2591,331,2,107,7.76,322536,79,67,HIGH,LOW,LOW,POSITIVE,POSITIVE
754,1707,2595,338,6,103,54.76,154400,63,31,HIGH,LOW,LOW,MIXED,NEGATIVE
760,1710,2599,119,4,116,93.57,290056,78,79,HIGH,LOW,LOW,POSITIVE,POSITIVE
761,1713,2603,296,1,114,31.66,91229,75,38,HIGH,LOW,LOW,POSITIVE,NEGATIVE
762,1715,2607,255,8,114,31.24,151970,73,68,HIGH,LOW,LOW,POSITIVE,POSITIVE
763,1717,2611,171,9,102,18.7,57826,73,73,HIGH,LOW,LOW,POSITIVE,POSITIVE
764,1720,2615,96,2,118,101.11,156158,66,43,HIGH,LOW,LOW,POSITIVE,NEGATIVE
765,1723,2619,206,7,85,64.42,154588,57,41,HIGH,LOW,LOW,MIXED,NEGATIVE
766,1726,2623,408,8,153,10.57,103279,82,51,HIGH,LOW,LOW,MOSTLY_POSITIVE,MIXED
768,1729,2627,478,2,122,317.01,351361,62,65,HIGH,MEDIUM,LOW,MIXED,POSITIVE
769,1732,2631,202,9,109,31.99,72515,63,56,HIGH,LOW,LOW,MIXED,MIXED
770,1735,2635,51,9,119,0.34,25928,57,65,HIGH,LOW,LOW,MIXED,POSITIVE
771,1736,2639,320,2,106,168.37,347798,66,58,HIGH,LOW,LOW,POSITIVE,MIXED
773,1739,2643,127,4,98,217.39,523893,81,74,HIGH,LOW,LOW,MOSTLY_POSITIVE,POSITIVE
774,1742,2647,317,0,110,42.27,82701,56,36,HIGH,LOW,LOW,MIXED,NEGATIVE
775,1745,2651,107,0,96,10.14,199193,73,51,HIGH,LOW,LOW,POSITIVE,MIXED
776,1747,2655,248,5,106,191.45,110490,62,57,HIGH,LOW,LOW,MIXED,MIXED
777,1750,2659,421,10,102,0.78,10871,51,35,HIGH,LOW,LOW,MIXED,NEGATIVE
781,1752,2663,221,5,113,61.09,218679,69,56,HIGH,LOW,LOW,POSITIVE,MIXED
782,1755,2667,482,9,117,12.28,67196,65,34,HIGH,LOW,LOW,POSITIVE,NEGATIVE
783,1758,2671,65,1,120,28.48,128146,73,45,HIGH,LOW,LOW,POSITIVE,NEGATIVE
785,1761,2675,79,8,95,0.04,31370,69,31,HIGH,LOW,LOW,POSITIVE,NEGATIVE
786,1764,2679,388,7,134,107.1,346154,78,83,HIGH,LOW,LOW,POSITIVE,MOSTLY_POSITIVE
788,1767,2683,479,10,92,3.77,11555,46,22,HIGH,LOW,LOW,NEGATIVE,MOSTLY_NEGATIVE
789,1770,2687,173,9,89,169.69,69157,67,44,HIGH,LOW,LOW,POSITIVE,NEGATIVE
790,1773,2691,396,2,92,227.95,366138,64,49,HIGH,LOW,LOW,MIXED,NEGATIVE
791,1776,2695,219,9,118,87.03,50241,60,58,HIGH,LOW,LOW,MIXED,MIXED
792,1777,2699,312,7,111,36.92,92868,63,42,HIGH,LOW,LOW,MIXED,NEGATIVE
793,1780,2703,293,2,101,31.45,154936,66,56,HIGH,LOW,LOW,POSITIVE,MIXED
794,1782,2707,89,10,66,0.29,4370,78,85,MEDIUM,LOW,LOW,POSITIVE,MOSTLY_POSITIVE
795,1785,2711,40,6,102,18.6,129252,66,40,HIGH,LOW,LOW,POSITIVE,NEGATIVE
796,1788,2715,196,5,108,70.63,178243,62,50,HIGH,LOW,LOW,MIXED,MIXED
797,1790,2719,511,0,120,5.48,87887,73,77,HIGH,LOW,LOW,POSITIVE,POSITIVE
798,1793,2723,404,7,98,368.05,304837,74,62,HIGH,MEDIUM,LOW,POSITIVE,MIXED
799,1796,2727,446,8,114,25.98,93883,65,57,HIGH,LOW,LOW,POSITIVE,MIXED
800,1799,2731,140,7,109,26.0,199813,70,81,HIGH,LOW,LOW,POSITIVE,MOSTLY_POSITIVE
802,1802,2735,331,6,110,14.99,196652,72,66,HIGH,LOW,LOW,POSITIVE,POSITIVE
803,1804,2739,426,1,115,82.16,146566,62,59,HIGH,LOW,LOW,MIXED,MIXED
804,1807,2743,290,8,105,50.55,103681,62,57,HIGH,LOW,LOW,MIXED,MIXED
805,1810,2747,351,1,104,71.98,221073,68,64,HIGH,LOW,LOW,POSITIVE,MIXED
806,1812,2751,436,8,111,33.63,52537,60,55,HIGH,LOW,LOW,MIXED,MIXED
807,1815,2755,357,4,116,90.76,233148,66,50,HIGH,LOW,LOW,POSITIVE,MIXED
808,1818,2759,211,7,95,6.85,115751,71,82,HIGH,LOW,LOW,POSITIVE,MOSTLY_POSITIVE
809,1821,2763,18,10,111,3.9,4771,68,65,HIGH,LOW,LOW,POSITIVE,POSITIVE
811,1824,2767,160,9,93,0.05,19309,67,60,HIGH,LOW,LOW,POSITIVE,MIXED
812,1827,2771,25,7,100,71.59,142560,62,57,HIGH,LOW,LOW,MIXED,MIXED
813,1829,2775,221,3,123,41.57,153448,70,42,HIGH,LOW,LOW,POSITIVE,NEGATIVE
814,1832,2779,518,6,112,16.68,72050,63,54,HIGH,LOW,LOW,MIXED,MIXED
815,1834,2783,512,3,87,21.0,149779,78,83,HIGH,LOW,LOW,POSITIVE,MOSTLY_POSITIVE
816,1837,2787,467,0,129,88.5,285441,76,76,HIGH,LOW,LOW,POSITIVE,POSITIVE
818,1840,2791,106,4,94,18.33,294010,76,82,HIGH,LOW,LOW,POSITIVE,MOSTLY_POSITIVE
819,1843,2795,252,8,99,84.26,91106,54,37,HIGH,LOW,LOW,MIXED,NEGATIVE
822,1846,2799,487,3,123,7.69,130153,68,65,HIGH,LOW,LOW,POSITIVE,POSITIVE
823,1849,2803,471,3,118,150.17,180105,58,32,HIGH,LOW,LOW,MIXED,NEGATIVE
824,1852,2807,37,10,119,0.3,5855,70,72,HIGH,LOW,LOW,POSITIVE,POSITIVE
830,1854,2811,218,2,87,14.17,77207,19,15,HIGH,LOW,LOW,MOSTLY_NEGATIVE,MOSTLY_NEGATIVE
831,1855,2815,480,0,102,70.27,171356,72,63,HIGH,LOW,LOW,POSITIVE,MIXED
832,1857,2819,110,6,94,49.0,16917,64,54,HIGH,LOW,LOW,MIXED,MIXED
833,1859,2823,72,5,120,11.23,67464,74,76,HIGH,LOW,LOW,POSITIVE,POSITIVE
834,1861,2827,28,2,112,70.22,62719,57,29,HIGH,LOW,LOW,MIXED,MOSTLY_NEGATIVE
835,1864,2831,300,6,83,59.62,225394,64,58,HIGH,LOW,LOW,MIXED,MIXED
836,1865,2835,148,8,108,5.98,38804,63,24,HIGH,LOW,LOW,MIXED,MOSTLY_NEGATIVE
837,1868,2839,95,10,128,0.13,5531,75,84,HIGH,LOW,LOW,POSITIVE,MOSTLY_POSITIVE
838,1870,2843,129,2,113,100.02,163144,55,54,HIGH,LOW,LOW,MIXED,MIXED
841,1872,2847,450,8,108,54.41,125190,63,40,HIGH,LOW,LOW,MIXED,NEGATIVE
842,1874,2851,313,9,125,1.98,15232,64,74,HIGH,LOW,LOW,MIXED,POSITIVE
843,1876,2855,301,5,135,3.03,137117,71,80,HIGH,LOW,LOW,POSITIVE,MOSTLY_POSITIVE
844,1877,2859,431,3,97,104.37,95480,71,73,HIGH,LOW,LOW,POSITIVE,POSITIVE
845,1880,2863,507,4,98,81.56,157499,68,69,HIGH,LOW,LOW,POSITIVE,POSITIVE
846,1882,2867,426,6,138,93.75,276347,73,76,HIGH,LOW,LOW,POSITIVE,POSITIVE
847,1884,2871,493,9,94,177.34,77447,67,55,HIGH,LOW,LOW,POSITIVE,MIXED
848,1887,2875,177,7,131,0.09,77986,78,49,HIGH,LOW,LOW,POSITIVE,NEGATIVE
850,1890,2879,64,7,128,95.0,69659,75,62,HIGH,LOW,LOW,POSITIVE,MIXED
851,1893,2883,423,2,123,81.16,198395,68,48,HIGH,LOW,LOW,POSITIVE,NEGATIVE
852,1896,2887,241,7,104,16.17,111875,74,62,HIGH,LOW,LOW,POSITIVE,MIXED
853,1898,2891,444,7,116,11.33,88829,68,63,HIGH,LOW,LOW,POSITIVE,MIXED
854,1901,2895,518,2,96,23.21,208770,71,70,HIGH,LOW,LOW,POSITIVE,POSITIVE
855,1903,2899,327,2,92,215.4,329788,76,73,HIGH,LOW,LOW,POSITIVE,POSITIVE
856,1906,2903,319,10,111,54.01,9993,59,67,HIGH,LOW,LOW,MIXED,POSITIVE
857,1908,2907,338,3,115,125.32,297093,66,49,HIGH,LOW,LOW,POSITIVE,NEGATIVE
858,1911,2911,414,1,123,36.58,55648,75,64,HIGH,LOW,LOW,POSITIVE,MIXED
859,1914,2915,14,0,107,41.78,136642,64,52,HIGH,LOW,LOW,MIXED,MIXED
860,1915,2919,90,2,141,35.71,206793,78,63,HIGH,LOW,LOW,POSITIVE,MIXED
861,1918,2923,17,4,113,19.06,119376,72,40,HIGH,LOW,LOW,POSITIVE,NEGATIVE
863,1920,2927,350,8,81,66.95,32310,62,54,HIGH,LOW,LOW,MIXED,MIXED
864,1922,2931,474,7,85,1.36,100890,71,81,HIGH,LOW,LOW,POSITIVE,MOSTLY_POSITIVE
866,1923,2935,14,7,120,0.16,61060,65,46,HIGH,LOW,LOW,POSITIVE,NEGATIVE
867,1926,2939,212,10,110,3.4,7402,69,78,HIGH,LOW,LOW,POSITIVE,POSITIVE
868,1928,2943,298,9,122,0.64,20907,69,67,HIGH,LOW,LOW,POSITIVE,POSITIVE
869,1931,2947,110,5,99,52.69,20194,66,51,HIGH,LOW,LOW,POSITIVE,MIXED
870,1933,2951,200,0,126,133.38,270429,69,66,HIGH,LOW,LOW,POSITIVE,POSITIVE
871,1936,2955,188,9,116,3.36,21569,77,70,HIGH,LOW,LOW,POSITIVE,POSITIVE
872,1938,2959,216,3,85,9.35,59512,27,45,HIGH,LOW,LOW,MOSTLY_NEGATIVE,NEGATIVE
873,1941,2963,99,6,93,44.8,64584,54,31,HIGH,LOW,LOW,MIXED,NEGATIVE
874,1943,2967,310,5,107,13.77,113599,70,48,HIGH,LOW,LOW,POSITIVE,NEGATIVE
875,1945,2971,180,4,114,53.36,101301,66,39,HIGH,LOW,LOW,POSITIVE,NEGATIVE
876,1948,2975,276,1,100,28.64,221858,70,78,HIGH,LOW,LOW,POSITIVE,POSITIVE
877,1951,2979,264,7,98,66.36,193579,69,59,HIGH,LOW,LOW,POSITIVE,MIXED
878,1954,2983,518,7,98,33.4,160592,73,78,HIGH,LOW,LOW,POSITIVE,POSITIVE
879,1955,2987,259,7,110,122.51,152145,58,41,HIGH,LOW,LOW,MIXED,NEGATIVE
880,1958,2991,265,6,99,83.64,159230,58,37,HIGH,LOW,LOW,MIXED,NEGATIVE
881,1961,2995,193,10,120,1.91,8365,69,68,HIGH,LOW,LOW,POSITIVE,POSITIVE
882,1964,2999,249,7,125,83.3,125693,75,65,HIGH,LOW,LOW,POSITIVE,POSITIVE
883,1967,3003,509,8,119,23.01,184564,63,42,HIGH,LOW,LOW,MIXED,NEGATIVE
884,1970,3007,71,5,96,143.62,173919,69,63,HIGH,LOW,LOW,POSITIVE,MIXED
885,1973,3011,137,9,101,0.03,16361,61,43,HIGH,LOW,LOW,MIXED,NEGATIVE
886,1976,3015,9,0,143,34.3,253417,75,69,HIGH,LOW,LOW,POSITIVE,POSITIVE
887,1977,3019,486,5,139,13.3,143517,68,85,HIGH,LOW,LOW,POSITIVE,MOSTLY_POSITIVE
888,1979,3023,447,6,101,60.44,82874,65,39,HIGH,LOW,LOW,POSITIVE,NEGATIVE
889,1981,3027,14,4,88,25.0,75262,55,53,HIGH,LOW,LOW,MIXED,MIXED
890,1984,3031,264,5,100,34.96,281625,77,72,HIGH,LOW,LOW,POSITIVE,POSITIVE
893,1987,3035,459,5,127,85.46,264480,71,56,HIGH,LOW,LOW,POSITIVE,MIXED
894,1990,3039,346,2,145,152.64,102547,55,53,HIGH,LOW,LOW,MIXED,MIXED
895,1993,3043,480,2,92,42.72,187077,71,46,HIGH,LOW,LOW,POSITIVE,NEGATIVE
898,1996,3047,482,0,117,2.28,93036,79,64,HIGH,LOW,LOW,POSITIVE,MIXED
899,1999,3051,423,3,96,88.92,172558,65,28,HIGH,LOW,LOW,POSITIVE,MOSTLY_NEGATIVE
900,2001,3055,169,3,89,58.72,83976,55,24,HIGH,LOW,LOW,MIXED,MOSTLY_NEGATIVE
901,2003,3059,308,9,101,0.81,27730,65,64,HIGH,LOW,LOW,POSITIVE,MIXED
902,2006,3063,120,0,105,34.01,118905,56,58,HIGH,LOW,LOW,MIXED,MIXED
903,2009,3067,342,7,98,3.45,55243,68,59,HIGH,LOW,LOW,POSITIVE,MIXED
904,2011,3071,127,8,102,177.0,237565,79,76,HIGH,LOW,LOW,POSITIVE,POSITIVE
905,2014,3075,275,8,117,58.61,190833,62,52,HIGH,LOW,LOW,MIXED,MIXED
907,2017,3079,347,9,95,14.44,12361,67,63,HIGH,LOW,LOW,POSITIVE,MIXED
908,2020,3083,477,1,122,117.14,269581,69,62,HIGH,LOW,LOW,POSITIVE,MIXED
909,2022,3087,208,0,95,7.77,64351,65,69,HIGH,LOW,LOW,POSITIVE,POSITIVE
910,2025,3091,477,5,106,75.64,187004,66,70,HIGH,LOW,LOW,POSITIVE,POSITIVE
911,2027,3095,335,9,133,0.08,17565,64,72,HIGH,LOW,LOW,MIXED,POSITIVE
913,2030,3099,162,1,96,82.23,117297,72,74,HIGH,LOW,LOW,POSITIVE,POSITIVE
914,2033,3103,214,7,89,0.07,66265,72,65,HIGH,LOW,LOW,POSITIVE,POSITIVE
915,2036,3107,176,3,122,36.84,33007,67,60,HIGH,LOW,LOW,POSITIVE,MIXED
916,2039,3111,194,10,156,0.79,17962,75,81,HIGH,LOW,LOW,POSITIVE,MOSTLY_POSITIVE
917,2042,3115,463,6,103,85.02,257395,66,51,HIGH,LOW,LOW,POSITIVE,MIXED
919,2045,3119,504,0,147,2.21,199387,75,56,HIGH,LOW,LOW,POSITIVE,MIXED
920,2048,3123,82,1,113,70.08,155078,61,51,HIGH,LOW,LOW,MIXED,MIXED
921,2051,3127,366,4,97,0.12,67801,64,62,HIGH,LOW,LOW,MIXED,MIXED
922,2054,3131,86,9,93,3.64,31651,63,32,HIGH,LOW,LOW,MIXED,NEGATIVE
923,2057,3135,69,3,102,64.15,152808,64,48,HIGH,LOW,LOW,MIXED,NEGATIVE
924,2060,3139,243,9,103,27.29,57921,68,38,HIGH,LOW,LOW,POSITIVE,NEGATIVE
925,2062,3143,68,0,154,200.07,246797,61,72,HIGH,LOW,LOW,MIXED,POSITIVE
926,2065,3147,54,5,117,281.28,190244,49,45,HIGH,LOW,LOW,NEGATIVE,NEGATIVE
927,2068,3151,303,3,110,47.54,91623,73,79,HIGH,LOW,LOW,POSITIVE,POSITIVE
928,2069,3155,186,9,110,0.02,7475,59,23,HIGH,LOW,LOW,MIXED,MOSTLY_NEGATIVE
931,2070,3159,93,5,113,51.78,39380,59,58,HIGH,LOW,LOW,MIXED,MIXED
932,2073,3163,407,8,107,50.46,92170,68,46,HIGH,LOW,LOW,POSITIVE,NEGATIVE
935,2076,3167,31,10,120,0.22,4669,62,82,HIGH,LOW,LOW,MIXED,MOSTLY_POSITIVE
936,2078,3171,2,0,108,148.21,137502,66,66,HIGH,LOW,LOW,POSITIVE,POSITIVE
937,2081,3175,503,3,92,0.18,60655,44,33,HIGH,LOW,LOW,NEGATIVE,NEGATIVE
938,2082,3179,208,4,96,0.32,64535,68,50,HIGH,LOW,LOW,POSITIVE,MIXED
941,2084,3183,438,2,98,0.07,50255,61,58,HIGH,LOW,LOW,MIXED,MIXED
942,2086,3187,124,4,124,300.52,192740,49,58,HIGH,LOW,LOW,NEGATIVE,MIXED
944,2089,3191,326,5,106,13.99,62095,61,35,HIGH,LOW,LOW,MIXED,NEGATIVE
945,2091,3195,125,7,119,42.0,132098,64,49,HIGH,LOW,LOW,MIXED,NEGATIVE
948,2094,3199,282,10,91,0.03,3990,56,48,HIGH,LOW,LOW,MIXED,NEGATIVE
949,2096,3203,317,7,100,60.52,166512,49,33,HIGH,LOW,LOW,NEGATIVE,NEGATIVE
950,2099,3207,286,10,80,0.15,2417,61,69,MEDIUM,LOW,LOW,MIXED,POSITIVE
951,2100,3211,16,9,105,6.74,92076,78,74,HIGH,LOW,LOW,POSITIVE,POSITIVE
952,2102,3215,13,5,115,82.62,211348,73,84,HIGH,LOW,LOW,POSITIVE,MOSTLY_POSITIVE
953,2104,3219,346,4,146,95.33,62403,43,27,HIGH,LOW,LOW,NEGATIVE,MOSTLY_NEGATIVE
954,2107,3223,266,7,95,1.29,65653,72,61,HIGH,LOW,LOW,POSITIVE,MIXED
955,2110,3227,391,2,105,36.06,173731,64,43,HIGH,LOW,LOW,MIXED,NEGATIVE
956,2113,3231,499,8,94,26.05,81823,62,36,HIGH,LOW,LOW,MIXED,NEGATIVE
957,2115,3235,448,4,100,40.17,84158,52,32,HIGH,LOW,LOW,MIXED,NEGATIVE
958,2118,3239,109,6,109,40.98,192190,77,68,HIGH,LOW,LOW,POSITIVE,POSITIVE
959,2121,3243,338,8,117,30.69,73567,62,40,HIGH,LOW,LOW,MIXED,NEGATIVE
960,2124,3247,389,0,110,22.49,271940,78,53,HIGH,LOW,LOW,POSITIVE,MIXED
961,2127,3251,106,7,101,2.32,97141,70,61,HIGH,LOW,LOW,POSITIVE,MIXED
962,2130,3255,384,9,101,0.01,10220,59,59,HIGH,LOW,LOW,MIXED,MIXED
963,2133,3259,281,2,115,26.81,88260,67,50,HIGH,LOW,LOW,POSITIVE,MIXED
964,2136,3263,476,4,108,0.09,60133,63,27,HIGH,LOW,LOW,MIXED,MOSTLY_NEGATIVE
971,2139,3267,250,7,92,34.33,37060,48,62,HIGH,LOW,LOW,NEGATIVE,MIXED
973,2141,3271,3,6,123,38.51,64513,59,47,HIGH,LOW,LOW,MIXED,NEGATIVE
974,2144,3275,514,5,111,38.18,108544,62,52,HIGH,LOW,LOW,MIXED,MIXED
975,2146,3279,359,10,124,8.81,6753,74,73,HIGH,LOW,LOW,POSITIVE,POSITIVE
976,2149,3283,295,10,94,59.57,20966,60,37,HIGH,LOW,LOW,MIXED,NEGATIVE
980,2152,3287,392,5,120,3.19,108772,76,70,HIGH,LOW,LOW,POSITIVE,POSITIVE
981,2154,3291,383,10,109,61.69,12048,70,44,HIGH,LOW,LOW,POSITIVE,NEGATIVE
982,2157,3295,516,8,118,85.91,27312,53,33,HIGH,LOW,LOW,MIXED,NEGATIVE
983,2160,3299,280,1,133,24.34,95172,74,56,HIGH,LOW,LOW,POSITIVE,MIXED
984,2163,3303,314,8,104,82.39,112729,65,30,HIGH,LOW,LOW,POSITIVE,NEGATIVE
985,2164,3307,56,9,111,42.65,21405,68,47,HIGH,LOW,LOW,POSITIVE,NEGATIVE
986,2166,3311,116,5,102,21.56,87904,56,31,HIGH,LOW,LOW,MIXED,NEGATIVE
987,2169,3315,475,5,92,42.58,88000,59,50,HIGH,LOW,LOW,MIXED,MIXED
988,2171,3319,456,8,104,23.39,33688,63,30,HIGH,LOW,LOW,MIXED,NEGATIVE
991,2173,3323,386,3,92,45.8,129708,66,44,HIGH,LOW,LOW,POSITIVE,NEGATIVE
992,2176,3327,0,1,165,1.2,102697,85,42,HIGH,LOW,LOW,MOSTLY_POSITIVE,NEGATIVE
994,2179,3331,391,4,97,60.13,140900,59,37,HIGH,LOW,LOW,MIXED,NEGATIVE
995,2182,3335,372,6,88,54.72,164088,67,48,HIGH,LOW,LOW,POSITIVE,NEGATIVE
997,2183,3339,143,1,94,17.54,73152,55,46,HIGH,LOW,LOW,MIXED,NEGATIVE
998,2184,3343,259,2,98,58.01,70699,62,50,HIGH,LOW,LOW,MIXED,MIXED
1000,2187,3347,46,10,87,19.64,12435,53,11,HIGH,LOW,LOW,MIXED,MOSTLY_NEGATIVE
